BioSample,collection_date,geo_loc_name,host,sample_type,strain
SAMN42994111,1977,"USA: Tucson, Arizona",Homo sapiens,whole organism,3476
SAMN42994112,1986,"USA: Tucson, Arizona",Homo sapiens,whole organism,3492
SAMN42994113,1979,"USA: Tucson, Arizona",Homo sapiens,whole organism,3489
SAMN42994114,1991,"USA: Tucson, Arizona",Homo sapiens,whole organism,3490AZ
SAMN42994115,1991,"USA: Tucson, Arizona",Homo sapiens,whole organism,3491
SAMN42994116,1986,"USA: Tucson, Arizona",Homo sapiens,whole organism,5AZ
SAMN42994117,1987,"USA: Tucson, Arizona",Homo sapiens,whole organism,9AZ
SAMN42994118,1987,"USA: Tucson, Arizona",Homo sapiens,whole organism,10AZ
SAMN42994119,1995,"USA: Tucson, Arizona",Homo sapiens,whole organism,FF340
SAMN42994120,1990,"USA: Tucson, Arizona",Homo sapiens,whole organism,3203
SAMN42994121,missing,"USA: Tucson, Arizona",Homo sapiens,whole organism,3221
SAMN42994122,missing,"USA: Tucson, Arizona",Homo sapiens,whole organism,3222
SAMN42994123,missing,"USA: Tucson, Arizona",Homo sapiens,whole organism,Tucson_2
SAMN42994124,missing,"USA: Tucson, Arizona",Homo sapiens,whole organism,3226
SAMN42994125,missing,"USA: Tucson, Arizona",Homo sapiens,whole organism,3236
SAMN42994126,1986,"USA: Tucson, Arizona",Homo sapiens,whole organism,3284
SAMN42994127,1986,"USA: Tucson, Arizona",Homo sapiens,whole organism,3286
SAMN42994128,1986,"USA: Tucson, Arizona",Homo sapiens,whole organism,Tucson_17
SAMN42994129,1986,"USA: Tucson, Arizona",Homo sapiens,whole organism,3291
SAMN42994130,1987,"USA: Tucson, Arizona",Homo sapiens,whole organism,3292
SAMN42994131,1987,"USA: Tucson, Arizona",Homo sapiens,whole organism,Tucson_18
SAMN42994132,1987,"USA: Tucson, Arizona",Homo sapiens,whole organism,Tucson_19
SAMN42994133,1987,"USA: Tucson, Arizona",Homo sapiens,whole organism,3301
SAMN42994134,1987,"USA: Tucson, Arizona",Homo sapiens,whole organism,Tucson_20
SAMN42994135,1987,"USA: Tucson, Arizona",Homo sapiens,whole organism,3310
SAMN42994136,1986,"USA: Tucson, Arizona",Homo sapiens,whole organism,3290
SAMN42994137,1988,"USA: Tucson, Arizona",Homo sapiens,whole organism,3313
SAMN42994138,1988,"USA: Tucson, Arizona",Homo sapiens,whole organism,3314
SAMN42994139,1988,"USA: Tucson, Arizona",Homo sapiens,whole organism,3315
SAMN42994140,1988,"USA: Tucson, Arizona",Homo sapiens,whole organism,Tucson_9
SAMN42994141,1988,"USA: Tucson, Arizona",Homo sapiens,whole organism,3251
SAMN42994142,1988,"USA: Tucson, Arizona",Homo sapiens,whole organism,Tucson_11
SAMN42994143,1988,"USA: Tucson, Arizona",Homo sapiens,whole organism,3256
SAMN42994144,1988,"USA: Tucson, Arizona",Homo sapiens,whole organism,Tucson_12
SAMN42994145,1988,"USA: Tucson, Arizona",Homo sapiens,whole organism,Tucson_13
SAMN42994146,1989,"USA: Tucson, Arizona",Homo sapiens,whole organism,3269
SAMN42994147,1989,"USA: Tucson, Arizona",Homo sapiens,whole organism,Tucson_15
SAMN42994148,1989,"USA: Tucson, Arizona",Homo sapiens,whole organism,Tucson_16
SAMN42994149,1989,"USA: Tucson, Arizona",Homo sapiens,whole organism,3276
SAMN42994150,1989,"USA: Tucson, Arizona",Homo sapiens,whole organism,3224
SAMN42994151,1978,"USA: Tucson, Arizona",Homo sapiens,whole organism,3482
SAMN42994152,1978,"USA: Tucson, Arizona",Homo sapiens,whole organism,3453
SAMN42994153,1978,"USA: Tucson, Arizona",Homo sapiens,whole organism,3457
SAMN42994154,1979,"USA: Tucson, Arizona",Homo sapiens,whole organism,3409
SAMN42994155,1979,"USA: Tucson, Arizona",Homo sapiens,whole organism,3411
SAMN42994156,1979,"USA: Tucson, Arizona",Homo sapiens,whole organism,3413
SAMN42994157,1979,"USA: Tucson, Arizona",Homo sapiens,whole organism,3417
SAMN42994158,1979,"USA: Tucson, Arizona",Homo sapiens,whole organism,3420
SAMN42994159,1981,"USA: Tucson, Arizona",Homo sapiens,whole organism,3439
SAMN42994160,1981,"USA: Tucson, Arizona",Homo sapiens,whole organism,3440
SAMN42994161,1981,"USA: Tucson, Arizona",Homo sapiens,whole organism,3375
SAMN42994162,1981,"USA: Tucson, Arizona",Homo sapiens,whole organism,3391
SAMN42994163,1981,"USA: Tucson, Arizona",Homo sapiens,whole organism,3395
SAMN42994164,1982,"USA: Tucson, Arizona",Homo sapiens,whole organism,3398
SAMN42994165,1983,"USA: Tucson, Arizona",Homo sapiens,whole organism,3326
SAMN42994166,1991,"USA: Tucson, Arizona",Homo sapiens,whole organism,3227
SAMN42994167,1981,"USA: Tucson, Arizona",Homo sapiens,whole organism,3368
SAMN42994168,1981,"USA: Tucson, Arizona",Homo sapiens,whole organism,3374
SAMN42994169,1981,"USA: Tucson, Arizona",Homo sapiens,whole organism,3382
SAMN42994170,1983,"USA: Tucson, Arizona",Homo sapiens,whole organism,3335
SAMN42994171,1984,"USA: Tucson, Arizona",Homo sapiens,whole organism,3341
SAMN42994172,1984,"USA: Tucson, Arizona",Homo sapiens,whole organism,3344
SAMN42994173,1985,"USA: Tucson, Arizona",Homo sapiens,whole organism,3345
SAMN42994174,1985,"USA: Tucson, Arizona",Homo sapiens,whole organism,3347
SAMN42994175,1985,"USA: Tucson, Arizona",Homo sapiens,whole organism,3348
SAMN42994176,1985,"USA: Tucson, Arizona",Homo sapiens,whole organism,3352
SAMN42994177,1985,"USA: Tucson, Arizona",Homo sapiens,whole organism,3353
SAMN42994178,1985,"USA: Tucson, Arizona",Homo sapiens,whole organism,3358
SAMN42994179,1985,"USA: Tucson, Arizona",Homo sapiens,whole organism,3359
SAMN42994180,1989,"USA: Tucson, Arizona",Homo sapiens,whole organism,3220
SAMN42994181,1990,"USA: Tucson, Arizona",Homo sapiens,whole organism,3215
SAMN42994182,1990,"USA: Tucson, Arizona",Homo sapiens,whole organism,3213
SAMN42994183,1991,"USA: Tucson, Arizona",Homo sapiens,whole organism,3228
SAMN42994184,1991,"USA: Tucson, Arizona",Homo sapiens,whole organism,3242
SAMN42994185,1992,"USA: Tucson, Arizona",Homo sapiens,whole organism,3244
SAMN42994186,1992,"USA: Tucson, Arizona",Homo sapiens,whole organism,3245
SAMN42994187,1992,"USA: Tucson, Arizona",Homo sapiens,whole organism,3246
SAMN42994188,missing,"USA: Tucson, Arizona",Homo sapiens,whole organism,Cp_Silveira
