RunAcc,Strain,BioSample,Center,Experiment,Project,Organism,FileBase,Notes,LocusTag
NACVFR_Cocci_3377_S84_L008,1M0,,TGEN-NORTH,,,Coccidioides immitis,_R[12]_001.fastq.gz,,C1196DB
NACVFR_Cocci_2395_S23_L003,21SD,,TGEN-NORTH,,,Coccidioides immitis,_R[12]_001.fastq.gz,,C5E6681
NACVFR_Cocci_3474_S36_L004,3M3,,TGEN-NORTH,,,Coccidioides immitis,_R[12]_001.fastq.gz,,CC2BDEF
COCSP-485B1LCPA23-uu-CL-USA-xxxx-037-BB_S75_L004,485B-1_L_OLD_CPA0023,,,,,Coccidioides immitis,_R[12]_001.fastq.gz,,C4025D1
NACVFR_Cocci_3475_S59_L006,4M3,,TGEN-NORTH,,,Coccidioides immitis,_R[12]_001.fastq.gz,,CB16A6A
NACVFR_Cocci_3698_S38_L004,4SD,,TGEN-NORTH,,,Coccidioides immitis,_R[12]_001.fastq.gz,,C8AA998
NACVFR_Cocci_3703_S39_L004,5SD,,TGEN-NORTH,,,Coccidioides immitis,_R[12]_001.fastq.gz,,CCCC1E1
SRR21204731,A391,SAMN30501238,CDC,SRX17215468,PRJNA472474,Coccidioides immitis,_[12].fastq.gz,,C68FCBD
SRR21204720,A432,SAMN30501239,CDC,SRX17215479,PRJNA472475,Coccidioides immitis,_[12].fastq.gz,,C05F6EB
SRR21204709,A502-1,SAMN30501240,CDC,SRX17215490,PRJNA472476,Coccidioides immitis,_[12].fastq.gz,,C7FAE4E
SRR21204698,A502-2,SAMN30501241,CDC,SRX17215501,PRJNA472477,Coccidioides immitis,_[12].fastq.gz,,C2B0F70
B0727-Argentina_S1_L001,B0727_Argentina,SAMN04901238,TGEN-NORTH,SRX1737472,PRJNA274372,Coccidioides immitis,_R[12]_001.fastq.gz,,C5AAF22
SRR21295067,B11002,SAMN30559916,CDC,SRX17304164,PRJNA472503,Coccidioides immitis,_[12].fastq.gz,,C5E4193
SRR8530936,B11019,SAMN09242016,CDC,SRX5334255,PRJNA472461,Coccidioides immitis,_[12].fastq.gz,,C42083A
SRR8530937,B11034,SAMN09242015,CDC,SRX5334254,PRJNA472461,Coccidioides immitis,_[12].fastq.gz,,C8CCFFB
SRR8530933,B11035,SAMN09242017,CDC,SRX5334258,PRJNA472462,Coccidioides immitis,_[12].fastq.gz,,C5FC1D8
SRR21204687,B11057,SAMN30501242,CDC,SRX17215512,PRJNA472478,Coccidioides immitis,_[12].fastq.gz,,CCF9097
SRR7206606,B11080,SAMN09242018,CDC,SRX4115604,PRJNA472463,Coccidioides immitis,_[12].fastq.gz,,C6468CC
SRR8530934,B11198,SAMN09242019,CDC,SRX5334257,PRJNA472464,Coccidioides immitis,_[12].fastq.gz,,CD3667B
SRR21295063,B11343,SAMN30559920,CDC,SRX17304168,PRJNA472504,Coccidioides immitis,_[12].fastq.gz,,C7ABD37
SRR8530935,B11517,SAMN09242021,CDC,SRX5334256,PRJNA472465,Coccidioides immitis,_[12].fastq.gz,,C06DA8C
SRR7206604,B11518,SAMN09242022,CDC,SRX4115606,PRJNA472466,Coccidioides immitis,_[12].fastq.gz,,CF63038
SRR7206605,B11587,SAMN09242023,CDC,SRX4115605,PRJNA472467,Coccidioides immitis,_[12].fastq.gz,,CED3F3F
SRR7206602,B11863,SAMN09242024,CDC,SRX4115608,PRJNA472468,Coccidioides immitis,_[12].fastq.gz,,C391F2C
SRR7206603,B11873,SAMN09242025,CDC,SRX4115607,PRJNA472469,Coccidioides immitis,_[12].fastq.gz,,CFBFF3E
SRR21204724,B12219,SAMN30501253,CDC,SRX17215475,PRJNA472479,Coccidioides immitis,_[12].fastq.gz,,CCF25C2
SRR21204723,B12220,SAMN30501254,CDC,SRX17215476,PRJNA472480,Coccidioides immitis,_[12].fastq.gz,,C161420
SRR7206600,B12398,SAMN09242026,CDC,SRX4115610,PRJNA472470,Coccidioides immitis,_[12].fastq.gz,,CCD9B66
SRR7206601,B12495,SAMN09242027,CDC,SRX4115609,PRJNA472471,Coccidioides immitis,_[12].fastq.gz,,C0ACC3F
SRR7206598,B12496,SAMN09242028,CDC,SRX4115612,PRJNA472472,Coccidioides immitis,_[12].fastq.gz,,CD2FAA9
SRR21204713,B12526,SAMN30501263,CDC,SRX17215486,PRJNA472481,Coccidioides immitis,_[12].fastq.gz,,CF6BC4C
SRR7206599,B13956,SAMN09242029,CDC,SRX4115611,PRJNA472473,Coccidioides immitis,_[12].fastq.gz,,C873431
SRR21204705,B14131,SAMN30501270,CDC,SRX17215494,PRJNA472482,Coccidioides immitis,_[12].fastq.gz,,C616B44
SRR21204704,B14132,SAMN30501271,CDC,SRX17215495,PRJNA472483,Coccidioides immitis,_[12].fastq.gz,,C9A1339
SRR21204703,B14133,SAMN30501272,CDC,SRX17215496,PRJNA472513,Coccidioides immitis,_[12].fastq.gz,,CC7F067
SRR21204701,B14135,SAMN30501274,CDC,SRX17215498,PRJNA472484,Coccidioides immitis,_[12].fastq.gz,,CD69CCA
SRR21204700,B14286,SAMN30501275,CDC,SRX17215499,PRJNA472485,Coccidioides immitis,_[12].fastq.gz,,CC2BA17
SRR21204699,B14288,SAMN30501276,CDC,SRX17215500,PRJNA472486,Coccidioides immitis,_[12].fastq.gz,,CCD8551
SRR21204695,B14298,SAMN30501279,CDC,SRX17215504,PRJNA472488,Coccidioides immitis,_[12].fastq.gz,,C71D630
SRR21204694,B15142,SAMN30501280,CDC,SRX17215505,PRJNA472489,Coccidioides immitis,_[12].fastq.gz,,CE5AC85
SRR21204693,B15145,SAMN30501281,CDC,SRX17215506,PRJNA472490,Coccidioides immitis,_[12].fastq.gz,,CD39A0E
SRR21204692,B15146,SAMN30501282,CDC,SRX17215507,PRJNA472491,Coccidioides immitis,_[12].fastq.gz,,CF83403
SRR21204691,B15257,SAMN30501283,CDC,SRX17215508,PRJNA472492,Coccidioides immitis,_[12].fastq.gz,,C0359CC
SRR21204690,B15317,SAMN30501284,CDC,SRX17215509,PRJNA472493,Coccidioides immitis,_[12].fastq.gz,,CF7B081
SRR21204689,B15368,SAMN30501285,CDC,SRX17215510,PRJNA472494,Coccidioides immitis,_[12].fastq.gz,,C7009D6
SRR21204684,B16338,SAMN30501289,CDC,SRX17215515,PRJNA472495,Coccidioides immitis,_[12].fastq.gz,,C4690CD
SRR21204683,B16339,SAMN30501290,CDC,SRX17215516,PRJNA472496,Coccidioides immitis,_[12].fastq.gz,,CC95159
SRR21204682,B16364,SAMN30501291,CDC,SRX17215517,PRJNA472497,Coccidioides immitis,_[12].fastq.gz,,C33716D
SRR21204680,B16536,SAMN30501293,CDC,SRX17215519,PRJNA472498,Coccidioides immitis,_[12].fastq.gz,,CD5BD92
SRR21204679,B16692,SAMN30501294,CDC,SRX17215520,PRJNA472499,Coccidioides immitis,_[12].fastq.gz,,C4E9409
SRR21204677,B17554,SAMN30501296,CDC,SRX17215522,PRJNA472500,Coccidioides immitis,_[12].fastq.gz,,C3D42E5
SRR21204675,B17567,SAMN30501297,CDC,SRX17215524,PRJNA472501,Coccidioides immitis,_[12].fastq.gz,,C539AD4
SRR21204674,B17635,SAMN30501298,CDC,SRX17215525,PRJNA472502,Coccidioides immitis,_[12].fastq.gz,,C3DCA43
Coccidioides_spp_CA1_CGATGTTT-CGATGTTT_L003,CA1,,TGEN-NORTH,,,Coccidioides immitis,_R[12]_001.fastq.gz,,CEE9A5C
NACVFR_Cocci_CA10_S40_L004,CA10,,,,,Coccidioides immitis,_R[12]_001.fastq.gz,TooLow,CA8BDE0
Coccidioides_spp_CA14_TACCGAGC-TACCGAGC_L003,CA14,,TGEN-NORTH,,,Coccidioides immitis,_R[12]_001.fastq.gz,,CB9423C
NACVFR_Cocci_CA15_S1_L001,CA15,,TGEN-NORTH,,,Coccidioides immitis,_R[12]_001.fastq.gz,,CEB9A78
NACVFR_Cocci_CA17_S11_L002,CA17,,TGEN-NORTH,,,Coccidioides immitis,_R[12]_001.fastq.gz,,C6A2BBC
Coccidioides_spp_CA2_ACTTGATG-ACTTGATG_L003,CA2,,TGEN-NORTH,,,Coccidioides immitis,_R[12]_001.fastq.gz,,CD8B963
Coccidioides_spp_CA20_GTGTGTCG-GTGTGTCG_L004,CA20,,TGEN-NORTH,,,Coccidioides immitis,_R[12]_001.fastq.gz,,CB5CE50
Coccidioides_spp_CA22_GCAACATT-GCAACATT_L008,CA22,,TGEN-NORTH,,,Coccidioides immitis,_R[12]_001.fastq.gz,,C23090C
NACVFR_Cocci_CA23_S64_L006,CA23,,TGEN-NORTH,,,Coccidioides immitis,_R[12]_001.fastq.gz,,C477594
NACVFR_Cocci_CA24_S2_L001,CA24,,TGEN-NORTH,,,Coccidioides immitis,_R[12]_001.fastq.gz,,C32A5BD
NACVFR_Cocci_CA25_S51_L005,CA25,,TGEN-NORTH,,,Coccidioides immitis,_R[12]_001.fastq.gz,,C4385CC
Coccidioides_spp_CA26_TGTTCTCC-TGTTCTCC_L002,CA26,,TGEN-NORTH,,,Coccidioides immitis,_R[12]_001.fastq.gz,,C27950D
COCSP-CA27-uu-CL-USA-xxxx-037-BB_S69_L004,CA27,,TGEN-NORTH,,,Coccidioides immitis,_R[12]_001.fastq.gz,,C176CCC
Coccidioides_spp_CA28_GCATGGCT-GCATGGCT_L005,CA28,,TGEN-NORTH,,,Coccidioides immitis,_R[12]_001.fastq.gz,,C8F96DF
NACVFR_Cocci_CA29_S12_L002,CA29,,TGEN-NORTH,,,Coccidioides immitis,_R[12]_001.fastq.gz,,CCF2728
NACVFR_Cocci_CA3_S24_L003,CA3,,TGEN-NORTH,,,Coccidioides immitis,_R[12]_001.fastq.gz,,CFB083D
NACVFR_Cocci_CA30_S41_L004,CA30,,TGEN-NORTH,,,Coccidioides immitis,_R[12]_001.fastq.gz,,C6BB650
Coccidioides_spp_CA4_TCGTTAGC-TCGTTAGC_L005,CA4,,TGEN-NORTH,,,Coccidioides immitis,_R[12]_001.fastq.gz,,C3118D6
NACVFR_Cocci_CA5_S13_L002,CA5,,TGEN-NORTH,,,Coccidioides immitis,_R[12]_001.fastq.gz,,C06AC60
Coccidioides_spp_CA6_GTACATCT-GTACATCT_L007,CA6,,TGEN-NORTH,,,Coccidioides immitis,_R[12]_001.fastq.gz,,C814216
Coccidioides_spp_CA7_GATAGAGG-GATAGAGG_L006,CA7,,TGEN-NORTH,,,Coccidioides immitis,_R[12]_001.fastq.gz,,CFA4D20
NACVFR_Cocci_CA8_S14_L002,CA8,,TGEN-NORTH,,,Coccidioides immitis,_R[12]_001.fastq.gz,,CDEC7A5
NACVFR_Cocci_CA9_S65_L006,CA9,,TGEN-NORTH,,,Coccidioides immitis,_R[12]_001.fastq.gz,,C0F6AB4
Coccidioides-spp-202_S1_L001,CDC-202,SAMN02786851,TGEN-NORTH,SRX547026,PRJNA245906,Coccidioides immitis,_R[12]_001.fastq.gz,,C993DFF
Coccidioides-spp-205_S2_L001,CDC-205,SAMN02786852,TGEN-NORTH,SRX547027,PRJNA245906,Coccidioides immitis,_R[12]_001.fastq.gz,,C8B620E
Coccidioides-spp-212_S4_L001,CDC-212,SAMN02786854,TGEN-NORTH,SRX547029,PRJNA245906,Coccidioides immitis,_R[12]_001.fastq.gz,,C526672
TGC0654_S2_L001,Coahuila_1,SAMN04901237,TGEN-NORTH,SRX1737471,PRJNA274372,Coccidioides immitis,_R[12]_001.fastq.gz,,C1B7581
COCSP-2006-xx-CL-USA-xxxx-038-BB_S39_L008,COCSP-2006,,TGEN-NORTH,,,Coccidioides immitis,_R[12]_001.fastq.gz,,C8A091E
COCSP-3505-uu-CL-USA-xxxx-037-BB_S36_L007,COCSP-3505,,TGEN-NORTH,,,Coccidioides immitis,_R[12]_001.fastq.gz,,C3BD8F1
COCSP-8945-xx-CL-USA-xxxx-037-xx_S17,COCSP-8945,,TGEN-NORTH,,,Coccidioides immitis,_R[12]_001.fastq.gz,,C2B0656
Coccidioides_spp_GT-100_ACTTGATG-ACTTGATG_L004,GT-100,,TGEN-NORTH,,,Coccidioides immitis,_R[12]_001.fastq.gz,,C5795B2
COCSP-GT104-uu-CL-USA-xxxx-037-BB_S54_L003,GT-104,,TGEN-NORTH,,,Coccidioides immitis,_R[12]_001.fastq.gz,,C25A2E6
COCSP-GT105-uu-CL-USA-xxxx-037-BB_S55_L003,GT-105,,TGEN-NORTH,,,Coccidioides immitis,_R[12]_001.fastq.gz,,CD7809D
COCSP-GT107-uu-CL-USA-xxxx-037-BB_S57_L003,GT-107,,TGEN-NORTH,,,Coccidioides immitis,_R[12]_001.fastq.gz,,C0CA300
COCSP-GT108-uu-CL-USA-xxxx-037-BB_S93_L005,GT-108,,TGEN-NORTH,,,Coccidioides immitis,_R[12]_001.fastq.gz,,C769691
Coccidioides_spp_GT-109_TGCGATCT-TAGTCTTG_L005,GT-109,,TGEN-NORTH,,,Coccidioides immitis,_R[12]_001.fastq.gz,,CD1EFBA
COCSP-GT111-uu-CL-USA-xxxx-037-BB_S59_L003,GT-111,,TGEN-NORTH,,,Coccidioides immitis,_R[12]_001.fastq.gz,,C5A2EA4
NACVFR_Cocci_GT113_S52_L005,GT-113,,TGEN-NORTH,,,Coccidioides immitis,_R[12]_001.fastq.gz,,CEBB48B
COCSP-GT114-uu-CL-USA-xxxx-037-BB_S22_L007,GT-114,,TGEN-NORTH,,,Coccidioides immitis,_R[12]_001.fastq.gz,,CAF5367
COCSP-GT116-uu-CL-USA-xxxx-037-BB_S61_L004,GT-116,,TGEN-NORTH,,,Coccidioides immitis,_R[12]_001.fastq.gz,,C30502D
Coccidioides_spp_GT-117_TCTCACGG-TCTCACGG_L005,GT-117,,TGEN-NORTH,,,Coccidioides immitis,_R[12]_001.fastq.gz,,CA4078A
Coccidioides_spp_GT-118_TAGTCTTG-TGCGATCT_L007,GT-118,,TGEN-NORTH,,,Coccidioides immitis,_R[12]_001.fastq.gz,,C574A51
NACVFR_Cocci_GT119_S76_L007,GT-119,,TGEN-NORTH,,,Coccidioides immitis,_R[12]_001.fastq.gz,,C5FB385
Coccidioides_spp_GT-121_TAGTGACT-TCGAGCGT_L003,GT-121,,TGEN-NORTH,,,Coccidioides immitis,_R[12]_001.fastq.gz,,CDB778D
Coccidioides_spp_GT-122_TCAGATTC-TCAGATTC_L001,GT-122,,TGEN-NORTH,,,Coccidioides immitis,_R[12]_001.fastq.gz,TooLow,CF05EA7
Coccidioides_spp_GT-123_TAAGTTCG-TAAGTTCG_L002,GT-123,,TGEN-NORTH,,,Coccidioides immitis,_R[12]_001.fastq.gz,,C56C88A
COCSP-GT125-uu-CL-USA-xxxx-037-BB_S95_L005,GT-125,,TGEN-NORTH,,,Coccidioides immitis,_R[12]_001.fastq.gz,,C1C7FC0
COCSP-GT126-uu-CL-USA-xxxx-037-BB_S23_L007,GT-126,,TGEN-NORTH,,,Coccidioides immitis,_R[12]_001.fastq.gz,,C8C79ED
Coccidioides_spp_GT-127_TAAGCGTT-TAAGCGTT_L001,GT-127,,TGEN-NORTH,,,Coccidioides immitis,_R[12]_001.fastq.gz,,C90F574
COCSP-GT128-uu-CL-USA-xxxx-037-BB_S62_L004,GT-128,,TGEN-NORTH,,,Coccidioides immitis,_R[12]_001.fastq.gz,,C01BA78
Coccidioides_spp_GT-129_GTTGTCGG-GTTGTCGG_L003,GT-129,,TGEN-NORTH,,,Coccidioides immitis,_R[12]_001.fastq.gz,,CDBAC84
COCSP-GT132-uu-CL-USA-xxxx-037-BB_S64_L004,GT-132,,TGEN-NORTH,,,Coccidioides immitis,_R[12]_001.fastq.gz,,C95C815
Coccidioides_spp_GT-133_TCATTGAG-TCATTGAG_L004,GT-133,,TGEN-NORTH,,,Coccidioides immitis,_R[12]_001.fastq.gz,,C22F440
COCSP-GT140-uu-CL-USA-xxxx-037-BB_S24_L007,GT-140,,TGEN-NORTH,,,Coccidioides immitis,_R[12]_001.fastq.gz,,C9E3188
Coccidioides_spp_GT-146_TACTTCGG-TACTTCGG_L002,GT-146,,TGEN-NORTH,,,Coccidioides immitis,_R[12]_001.fastq.gz,,CDEB87D
Coccidioides_spp_GT-147_TACAGGAT-TGATACGT_L002,GT-147,,TGEN-NORTH,,,Coccidioides immitis,_R[12]_001.fastq.gz,,C9481DC
Coccidioides_spp_GT-156_TCCGTCTT-TCCGTCTT_L001,GT-156,,TGEN-NORTH,,,Coccidioides immitis,_R[12]_001.fastq.gz,,C9F5CC4
NACVFR_Cocci_GT163_S88_L008,GT-163,,TGEN-NORTH,,,Coccidioides immitis,_R[12]_001.fastq.gz,,C3639AF
COCSP-GT167-uu-CL-USA-xxxx-037-BB_S12_L006,GT-167,,TGEN-NORTH,,,Coccidioides immitis,_R[12]_001.fastq.gz,,C9C344E
Coccidioides_spp_GT-169_GGATTAGG-GGATTAGG_L006,GT-169,,TGEN-NORTH,,,Coccidioides immitis,_R[12]_001.fastq.gz,,C64D5CD
Coccidioides-immitis-TGC0643_TCATTGAG_L002,Guerrero_1,SAMN04901234,TGEN-NORTH,SRX1737468,PRJNA274372,Coccidioides immitis,_R[12]_001.fastq.gz,,C3F11B8
COCSP-h5384-uu-CL-USA-xxxx-037-BB_S28_L007,h5384,SAMN12110397,TGEN-NORTH,,,Coccidioides immitis,_R[12]_001.fastq.gz,,CAF011E
COCPO-M153-xx-CL-MEX-0-037-BB_S7,M153,,,,,Coccidioides immitis,_R[12]_001.fastq.gz,,C6DC69C
COCSP-M204-xx-CL-MEX-2015-037-xx_S39,M204,,TGEN-NORTH,,,Coccidioides immitis,_R[12]_001.fastq.gz,,CE8551A
SRR3468020,Michoacan_2,SAMN04901236,TGEN-NORTH,SRX1737470,PRJNA274372,Coccidioides immitis,_[12].fastq.gz,,C26AA88
COCSP-RS-xx-CL-USA-xxxx-037-BB_S40,RS,,TGEN-NORTH,,,Coccidioides immitis,_R[12]_001.fastq.gz,,C3CED3A
Coccidioides-immitis-TGC0645_TGTACCTT_L004,San_Diego_1,SAMN04901235,TGEN-NORTH,SRX1737469,PRJNA274372,Coccidioides immitis,_R[12]_001.fastq.gz,,CF4510F
NACVFR_Cocci_3705_S63_L006,SD7,,,,,Coccidioides immitis,_R[12]_001.fastq.gz,,C3FFF0A
NACVFR_Cocci_3706_S85_L008,SD8,,,,,Coccidioides immitis,_R[12]_001.fastq.gz,,C7415F0
COCSP-SDVA1-xx-xx-USA-0000-037-BB_S24,SDVA1,,TGEN-NORTH,,,Coccidioides immitis,_R[12]_001.fastq.gz,,C29BC70
COCSP-SDVA15-xx-xx-USA-0000-037-BB_S39,SDVA15,,TGEN-NORTH,,,Coccidioides immitis,_R[12]_001.fastq.gz,,C06EC09
COCSP-SDVA17-xx-xx-USA-0000-037-BB_S32,SDVA17,,TGEN-NORTH,,,Coccidioides immitis,_R[12]_001.fastq.gz,,CB87396
COCSP-SDVA2-xx-xx-USA-0000-037-BB_S37,SDVA2,,TGEN-NORTH,,,Coccidioides immitis,_R[12]_001.fastq.gz,,C7FB516
COCSP-SDVA3-xx-xx-USA-0000-037-BB_S38,SDVA3,,TGEN-NORTH,,,Coccidioides immitis,_R[12]_001.fastq.gz,,CB7B8F1
COCSP-SDVA36-xx-xx-USA-0000-037-BB_S42,SDVA36,,TGEN-NORTH,,,Coccidioides immitis,_R[12]_001.fastq.gz,,C2EFA39
COCSP-SDVA38-xx-xx-USA-0000-037-BB_S44,SDVA38,,TGEN-NORTH,,,Coccidioides immitis,_R[12]_001.fastq.gz,,CE6DD8A
COCSP-SDVA39-xx-xx-USA-0000-037-BB_S45,SDVA39,,TGEN-NORTH,,,Coccidioides immitis,_R[12]_001.fastq.gz,,C8271C8
COCSP-SDVA4-xx-xx-USA-0000-037-BB_S25,SDVA4,,TGEN-NORTH,,,Coccidioides immitis,_R[12]_001.fastq.gz,,C6CFD43
COCSP-SDVA41-xx-xx-USA-0000-037-BB_S46,SDVA41,,TGEN-NORTH,,,Coccidioides immitis,_R[12]_001.fastq.gz,,C3A076D
COCSP-SDVA44-xx-xx-USA-0000-037-BB_S40,SDVA44,,TGEN-NORTH,,,Coccidioides immitis,_R[12]_001.fastq.gz,,CA3B123
COCSP-SDVA48-xx-xx-USA-0000-037-BB_S50,SDVA48,,TGEN-NORTH,,,Coccidioides immitis,_R[12]_001.fastq.gz,,C651373
COCSP-SDVA5-xx-xx-USA-0000-037-BB_S26,SDVA5,,TGEN-NORTH,,,Coccidioides immitis,_R[12]_001.fastq.gz,,C600EA0
COCSP-SDVA6-xx-xx-USA-0000-037-BB_S27,SDVA6,,TGEN-NORTH,,,Coccidioides immitis,_R[12]_001.fastq.gz,,C2E5ED1
Coccidioides-immitis-TGC0593_TAGCTTGT_L004,SJV_1,SAMN04901223,TGEN-NORTH,SRX1737465,PRJNA274372,Coccidioides immitis,_R[12]_001.fastq.gz,,CC24633
TGC0606_S1_L001,SJV_10,SAMN04901232,TGEN-NORTH,SRX1737531,PRJNA274372,Coccidioides immitis,_R[12]_001.fastq.gz,,CFC625B
Coccidioides-immitis-TGC0607_GATCAGCG_L005,SJV_11,SAMN04901233,TGEN-NORTH,SRX1737467,PRJNA274372,Coccidioides immitis,_R[12]_001.fastq.gz,,CA15DEC
Coccidioides-immitis-TGC0595_CAGATCTG_L001,SJV_2,SAMN04901224,TGEN-NORTH,SRX1737466,PRJNA274372,Coccidioides immitis,_R[12]_001.fastq.gz,,CEBEDBD
SRR3468027,SJV_3,SAMN04901225,TGEN-NORTH,SRX1737477,PRJNA274372,Coccidioides immitis,_[12].fastq.gz,,C26D1BE
Coccidioides-immitis-TGC0598_CGATGTTT_L004,SJV_4,SAMN04901226,TGEN-NORTH,SRX1737488,PRJNA274372,Coccidioides immitis,_R[12]_001.fastq.gz,,C7AD594
Coccidioides-immitis-TGC0599_TGCGATCT_L001,SJV_5,SAMN04901227,TGEN-NORTH,SRX1737499,PRJNA274372,Coccidioides immitis,_R[12]_001.fastq.gz,,C41EE07
Coccidioides-immitis-TGC0600_TTCCTGCT_L001,SJV_6,SAMN04901228,TGEN-NORTH,SRX1737510,PRJNA274372,Coccidioides immitis,_R[12]_001.fastq.gz,,C9A977F
Coccidioides-immitis-TGC0601_GCCAATGT_L004,SJV_7,SAMN04901229,TGEN-NORTH,SRX1737521,PRJNA274372,Coccidioides immitis,_R[12]_001.fastq.gz,,C6C2D48
Coccidioides-immitis-TGC0604_ACAGTGGT_L004,SJV_8,SAMN04901230,TGEN-NORTH,SRX1737529,PRJNA274372,Coccidioides immitis,_R[12]_001.fastq.gz,,C93969F
Coccidioides-immitis-TGC0605_ATCACGTT_L005,SJV_9,SAMN04901231,TGEN-NORTH,SRX1737530,PRJNA274372,Coccidioides immitis,_R[12]_001.fastq.gz,,C94D1D0
COCSP-VFC0432008-uu-CL-USA-xxxx-037-BB_S72_L004,VFC043,,TGEN-NORTH,,,Coccidioides immitis,_R[12]_001.fastq.gz,,C267DD9
COCSP-VFC0522267-uu-CL-USA-xxxx-037-BB_S71_L004,VFC052,,TGEN-NORTH,,,Coccidioides immitis,_R[12]_001.fastq.gz,,CBE28CD
SRR1292227,WA_211,SAMN02786853,TGEN-NORTH,SRX547028,PRJNA245906,Coccidioides immitis,_[12].fastq.gz,,C937D92
WA221-Washington_S7_L001,WA_221,SAMN30558251,TGEN-NORTH,SRX17301859,PRJNA274372,Coccidioides immitis,_R[12]_001.fastq.gz,,C4A3E3B
Washington_S3_L001,Washington_1,SAMN02786850,TGEN-NORTH,SRX547025,PRJNA245906,Coccidioides immitis,_R[12]_001.fastq.gz,,C08B0A4
COCSP-GT102-uu-CL-USA-xxxx-037-BB_S21_L007,GT-102,,TGEN-NORTH,,,Coccidioides pasadasii,_R[12]_001.fastq.gz,,C09FE22
COCSP-4070SCPA002-uu-CL-USA-xxxx-037-BB_S77_L004,407-0_S_OLD_CPA0002,,,,,Coccidioides posadasii,_R[12]_001.fastq.gz,,C577643
COCSP-4071SCPA4-uu-CL-USA-xxxx-037-BB_S73_L004,407-1_S_OLD_CPA0004,,,,,Coccidioides posadasii,_R[12]_001.fastq.gz,,CC44035
COCSP-409B0LOLDCPA0011-uu-CL-USA-xxxx-037-BB_S79_L004,409B-0_L_OLD_CPA0011,,,,,Coccidioides posadasii,_R[12]_001.fastq.gz,,C90261E
COCSP-409B0SOLDCPA0012-uu-CL-USA-xxxx-037-BB_S76_L004,409B-0_S_OLD_CPA0012,,,,,Coccidioides posadasii,_R[12]_001.fastq.gz,,CD06E9E
NACVFR_Cocci_4545PASSAGEBYMICE_S50_L005,4545-MICE,SAMN08706843,NAU,SRX3786968,PRJNA438145,Coccidioides posadasii,_R[12]_001.fastq.gz,,CB4077B
COCSP-485B00SCPA21-uu-CL-USA-xxxx-037-BB_S70_L004,485B-0_S_OLD_CPA0021,,,,,Coccidioides posadasii,_R[12]_001.fastq.gz,,CFE8A8D
COCSP-485B1SCPA29-uu-CL-USA-xxxx-037-BB_S74_L004,485B-4_S_NEW_CPA0029,,,,,Coccidioides posadasii,_R[12]_001.fastq.gz,,CFB3627
COCSP-5731LNEWCPA0031-uu-CL-USA-xxxx-037-BB_S80_L004,573-1_L_NEW_CPA0031,,,,,Coccidioides posadasii,_R[12]_001.fastq.gz,,C24A26E
COCSP-5731S-uu-CL-USA-xxxx-037-BB_S81_L005,573-1_S_NEW_CPA0033,,,,,Coccidioides posadasii,_R[12]_001.fastq.gz,,CA22261
COCSP-5740LOLDCPA0038-uu-CL-USA-xxxx-037-BB_S78_L004,574-0_L_OLD_CPA0038,,,,,Coccidioides posadasii,_R[12]_001.fastq.gz,,C74B79A
COCSP-5740SOLDCPA0039-uu-CL-USA-xxxx-037-BB_S1_L006,574-0_S_OLD_CPA0039,,,,,Coccidioides posadasii,_R[12]_001.fastq.gz,,C27CBD2
NACVFR_Cocci_CPA40_S42_L004,574-1_L_NEW_CPA0040,,,,,Coccidioides posadasii,_R[12]_001.fastq.gz,,CDD7BF6
COCSP-5781S-uu-CL-USA-xxxx-037-BB_S84_L005,578-1_A_NEW_CPA0048,,,,,Coccidioides posadasii,_R[12]_001.fastq.gz,,CD3293D
COCSP-5781LNEWCPA0049-uu-CL-USA-xxxx-037-BB_S83_L005,578-1_L_NEW_CPA0049,,,,,Coccidioides posadasii,_R[12]_001.fastq.gz,,C79DB71
NACVFR_Cocci_CPA49_S3_L001,578-1_L_NEW_CPA0049_alt,,,,,Coccidioides posadasii,_R[12]_001.fastq.gz,,C8EFFFA
NACVFR_Cocci_CPA64_S74_L007,582-1_L_NEW_CPA0064,,,,,Coccidioides posadasii,_R[12]_001.fastq.gz,,CF9574D
Coccidioides-posadasii-730332_S8_L001,730332_Guatemala,SAMN04901287,TGEN-NORTH,SRX1737526,PRJNA274372,Coccidioides posadasii,_R[12]_001.fastq.gz,,C45F23D
Coccidioides-posadasii-730333_S9_L001,730333_Guatemala,SAMN04901288,TGEN-NORTH,SRX1737527,PRJNA274372,Coccidioides posadasii,_R[12]_001.fastq.gz,,C537722
Coccidioides-posadasii-730334_S10_L001,730334_Guatemala,SAMN04901289,TGEN-NORTH,SRX1737528,PRJNA274372,Coccidioides posadasii,_R[12]_001.fastq.gz,,C5AD400
B0858-Guatemala_S2_L001,B0858-Guatemala,SAMN04901279,TGEN-NORTH,SRX1737517,PRJNA274372,Coccidioides posadasii,_R[12]_001.fastq.gz,,CBD0EE9
B10757-Nevada_S5_L001,B10757_Nevada,SAMN04901280,TGEN-NORTH,SRX1737518,PRJNA274372,Coccidioides posadasii,_R[12]_001.fastq.gz,,CAE1CCF
B10813-Texas_S6_L001,B10813_Texas,SAMN04901281,TGEN-NORTH,SRX1737519,PRJNA274372,Coccidioides posadasii,_R[12]_001.fastq.gz,,CFDA6A7
SRR21292483,B10917,SAMN30557562,TGEN,SRX17301750,PRJNA472461,Coccidioides posadasii,_[12].fastq.gz,,CF2C0CF
SRR21292482,B10918,SAMN30557563,TGEN,SRX17301751,PRJNA472461,Coccidioides posadasii,_[12].fastq.gz,,C0D9C49
SRR21295068,B10919,SAMN30559915,CDC,SRX17304163,PRJNA472538,Coccidioides posadasii,_[12].fastq.gz,,C0D52B0
SRR21292481,B11036,SAMN30557564,TGEN,SRX17301752,PRJNA472461,Coccidioides posadasii,_[12].fastq.gz,,C28702D
SRR21295066,B11058,SAMN30559917,CDC,SRX17304165,PRJNA472537,Coccidioides posadasii,_[12].fastq.gz,,C2FAE97
SRR21295065,B11199,SAMN30559918,CDC,SRX17304166,PRJNA472536,Coccidioides posadasii,_[12].fastq.gz,,C018C7F
SRR21295064,B11232,SAMN30559919,CDC,SRX17304167,PRJNA472535,Coccidioides posadasii,_[12].fastq.gz,,C29E0E0
SRR21292480,B11299,SAMN30557565,TGEN,SRX17301753,PRJNA472461,Coccidioides posadasii,_[12].fastq.gz,,C72C725
SRR21204676,B11300,SAMN30501243,CDC,SRX17215523,PRJNA472505,Coccidioides posadasii,_[12].fastq.gz,,C7C73A6
SRR21295062,B11400,SAMN30559921,CDC,SRX17304169,PRJNA472534,Coccidioides posadasii,_[12].fastq.gz,,CF1B8A4
SRR21204730,B11871,SAMN30501247,CDC,SRX17215469,PRJNA472533,Coccidioides posadasii,_[12].fastq.gz,,CA42FC6
SRR21204729,B11872,SAMN30501248,CDC,SRX17215470,PRJNA472532,Coccidioides posadasii,_[12].fastq.gz,,C426E4A
SRR21204728,B11877,SAMN30501249,CDC,SRX17215471,PRJNA472531,Coccidioides posadasii,_[12].fastq.gz,,C18DB3C
SRR21204727,B12202,SAMN30501250,CDC,SRX17215472,PRJNA472530,Coccidioides posadasii,_[12].fastq.gz,,C4CA0DB
SRR21204726,B12216,SAMN30501251,CDC,SRX17215473,PRJNA472529,Coccidioides posadasii,_[12].fastq.gz,,CA3ACD6
SRR21204725,B12218,SAMN30501252,CDC,SRX17215474,PRJNA472528,Coccidioides posadasii,_[12].fastq.gz,,C4C1EDB
SRR21204722,B12226,SAMN30501255,CDC,SRX17215477,PRJNA472527,Coccidioides posadasii,_[12].fastq.gz,,CF8BF1D
SRR21204721,B12397,SAMN30501256,CDC,SRX17215478,PRJNA472526,Coccidioides posadasii,_[12].fastq.gz,,CD0CD99
SRR21204719,B12399,SAMN30501257,CDC,SRX17215480,PRJNA472525,Coccidioides posadasii,_[12].fastq.gz,,C4701F3
SRR21204718,B12400,SAMN30501258,CDC,SRX17215481,PRJNA472524,Coccidioides posadasii,_[12].fastq.gz,,C21A9A5
SRR21204717,B12402,SAMN30501259,CDC,SRX17215482,PRJNA472523,Coccidioides posadasii,_[12].fastq.gz,,CA90374
SRR21204716,B12471,SAMN30501260,CDC,SRX17215483,PRJNA472522,Coccidioides posadasii,_[12].fastq.gz,,CD39253
SRR21204715,B12475,SAMN30501261,CDC,SRX17215484,PRJNA472521,Coccidioides posadasii,_[12].fastq.gz,,C49EFED
B1249-Guatemala_S3_L001,B1249_Guatemala,SAMN04901282,TGEN-NORTH,SRX1737520,PRJNA274372,Coccidioides posadasii,_R[12]_001.fastq.gz,,C40D72F
SRR21204714,B12498,SAMN30501262,CDC,SRX17215485,PRJNA472520,Coccidioides posadasii,_[12].fastq.gz,,C060B32
SRR21204712,B12527,SAMN30501264,CDC,SRX17215487,PRJNA472519,Coccidioides posadasii,_[12].fastq.gz,,C750C60
SRR21204711,B13534,SAMN30501265,CDC,SRX17215488,PRJNA472518,Coccidioides posadasii,_[12].fastq.gz,,C8E24F7
SRR21204710,B13535,SAMN30501266,CDC,SRX17215489,PRJNA472517,Coccidioides posadasii,_[12].fastq.gz,,C7AA01B
SRR21204708,B13981,SAMN30501267,CDC,SRX17215491,PRJNA472516,Coccidioides posadasii,_[12].fastq.gz,,CB0D4FD
SRR21204707,B14104,SAMN30501268,CDC,SRX17215492,PRJNA472515,Coccidioides posadasii,_[12].fastq.gz,,CB13135
SRR21204706,B14130,SAMN30501269,CDC,SRX17215493,PRJNA472514,Coccidioides posadasii,_[12].fastq.gz,,CA3266D
SRR21204702,B14134,SAMN30501273,CDC,SRX17215497,PRJNA472512,Coccidioides posadasii,_[12].fastq.gz,,C6821F5
SRR21204697,B14291,SAMN30501277,CDC,SRX17215502,PRJNA472487,Coccidioides posadasii,_[12].fastq.gz,,C086813
SRR21204696,B14292,SAMN30501278,CDC,SRX17215503,PRJNA472511,Coccidioides posadasii,_[12].fastq.gz,,C2831F5
SRR21204688,B15369,SAMN30501286,CDC,SRX17215511,PRJNA472510,Coccidioides posadasii,_[12].fastq.gz,,C717ABB
SRR21204686,B16293,SAMN30501287,CDC,SRX17215513,PRJNA472509,Coccidioides posadasii,_[12].fastq.gz,,C591B16
SRR21204685,B16294,SAMN30501288,CDC,SRX17215514,PRJNA472508,Coccidioides posadasii,_[12].fastq.gz,,C3EE4FF
SRR21204681,B16531,SAMN30501292,CDC,SRX17215518,PRJNA472507,Coccidioides posadasii,_[12].fastq.gz,,C0BF1BA
SRR21204678,B16712,SAMN30501295,CDC,SRX17215521,PRJNA472506,Coccidioides posadasii,_[12].fastq.gz,,C003D23
B5773-Brazil_S4_L001,B5773_Brazil,SAMN04901283,TGEN-NORTH,TGEN-NORTH,PRJNA274372,Coccidioides posadasii,_R[12]_001.fastq.gz,,CD29945
SRR7586647,Beeville,SAMN09708905,NAU,SRX4452399,PRJNA438145,Coccidioides posadasii,_[12].fastq.gz,,C6949CF
COCSP-TKO-xx-CL-xxx-xxxx-037-BB_S81,C735-TKO,,,,,Coccidioides posadasii,_R[12]_001.fastq.gz,,C3548B0
NACVFR_Cocci_CA12_S86_L008,CA12,,,,,Coccidioides posadasii,_R[12]_001.fastq.gz,TooLow,C7C418B
Coccidioides-posadasii-TGC0655_TTGACTCT_L002,Coahuilla_2,SAMN04901266,TGEN-NORTH,SRX1737503,PRJNA274372,Coccidioides posadasii,_R[12]_001.fastq.gz,,CA4B8FB
Cocci-1400035797_S6_L001,Cocci_1400035797,,,,,Coccidioides posadasii,_R[12]_001.fastq.gz,,CE7A3AB
COCPO-103715-HMA-CL-ARG-2010-037-BB_S8,COCPO_103715,,,,,Coccidioides posadasii,_R[12]_001.fastq.gz,,C0FAD4C
COCPO-103716-HME-CL-ARG-2010-037-BB_S9,COCPO_103716,,,,,Coccidioides posadasii,_R[12]_001.fastq.gz,,C6395AF
COCPO-103717-HMC-CL-ARG-2010-037-BB_S10,COCPO_103717,,,,,Coccidioides posadasii,_R[12]_001.fastq.gz,,C421205
COCPO-103718-HMGN-CL-ARG-2010-037-BB_S11,COCPO_103718,,,,,Coccidioides posadasii,_R[12]_001.fastq.gz,,C99D653
COCPO-103720-B1023032-CL-ARG-2010-037-BB_S12,COCPO_103720,,,,,Coccidioides posadasii,_R[12]_001.fastq.gz,,CF3BF55
COCPO-103721-C713-CL-ARG-2010-037-BB_S13,COCPO_103721,,,,,Coccidioides posadasii,_R[12]_001.fastq.gz,,CBC12DE
COCPO-103744-RM-CL-ARG-2010-037-BB_S14,COCPO_103744,,,,,Coccidioides posadasii,_R[12]_001.fastq.gz,,CB62C31
COCPO-103745-AA-CL-ARG-2010-037-BB_S15,COCPO_103745,,,,,Coccidioides posadasii,_R[12]_001.fastq.gz,,C8C19B1
COCPO-103827-TR-CL-ARG-2010-037-BB_S16,COCPO_103827,,,,,Coccidioides posadasii,_R[12]_001.fastq.gz,,CE5D4D2
COCPO-114029-JC-CL-ARG-2011-037-BB_S17,COCPO_114029,,,,,Coccidioides posadasii,_R[12]_001.fastq.gz,,CC428BB
COCPO-114072-PM-CL-ARG-2011-037-BB_S18,COCPO_114072,,,,,Coccidioides posadasii,_R[12]_001.fastq.gz,,CC7CCBF
COCPO-175712-VL-CL-ARG-2017-037-BB_S19,COCPO_175712,,,,,Coccidioides posadasii,_R[12]_001.fastq.gz,,C8DED30
COCPO-175714-CHR-CL-ARG-2017-037-BB_S20,COCPO_175714,,,,,Coccidioides posadasii,_R[12]_001.fastq.gz,,C2600DC
COCPO-175715-LS-CL-ARG-2017-037-BB_S21,COCPO_175715,,,,,Coccidioides posadasii,_R[12]_001.fastq.gz,,C41446C
COCPO-175716-AC-CL-ARG-2017-037-BB_S22,COCPO_175716,,,,,Coccidioides posadasii,_R[12]_001.fastq.gz,,CF325A9
COCPO-185672-GM093546-CL-ARG-2018-037-BB_S23,COCPO_185672,,,,,Coccidioides posadasii,_R[12]_001.fastq.gz,,C8C6138
COCPO-195880-FRA-CL-ARG-2018-037-BB_S24,COCPO_195880,,,,,Coccidioides posadasii,_R[12]_001.fastq.gz,,C47BA23
COCPO-195881-AM-CL-ARG-2018-037-BB_S25,COCPO_195881,,,,,Coccidioides posadasii,_R[12]_001.fastq.gz,,C49B345
COCPO-195884-HM199398-CL-ARG-0000-037-BB_S26,COCPO_195884,,,,,Coccidioides posadasii,_R[12]_001.fastq.gz,,C21315E
COCSP-34698-uu-CL-VEN-xxxx-037-BB_S50_L003,COCPO_34698,SAMN08706845,NAU,SRX3786966,PRJNA438145,Coccidioides posadasii,_R[12]_001.fastq.gz,,C69E555
COCSP-4545-uu-CL-VEN-xxxx-037-BB_S51_L003,COCPO_4545,SAMN08706842,NAU,SRX3786967,PRJNA438145,Coccidioides posadasii,_R[12]_001.fastq.gz,,C8A5046
COCPO-Galgiani-xx-xx-xxx-0000-037-BB_S20,COCPO_Galgiani,,,,,Coccidioides posadasii,_R[12]_001.fastq.gz,,CF9E767
COCSP-8725-xx-CL-USA-xxxx-037-xx_S23,COCSP_8725,,,,,Coccidioides posadasii,_R[12]_001.fastq.gz,,CCC6481
NACVFR_Cocci_3478_S48_L005,COCSP-3478,,,,,Coccidioides posadasii,_R[12]_001.fastq.gz,,C07E340
Coccidioides-posadasii-TGC0647_TCTGCTGT_L004,Colorado_Springs_1,SAMN04901263,TGEN-NORTH,SRX1737500,PRJNA274372,Coccidioides posadasii,_R[12]_001.fastq.gz,,C7EBB41
EMS_CSFP210010251-1a_H23WJDSX3_L1,EMS,,,,,Coccidioides posadasii,_[12].fastq.gz,,C4C0232
COCSP-FMC233-xx-CL-USA-xxxx-037-BB_S78,FMC233,,,,,Coccidioides posadasii,_R[12]_001.fastq.gz,,C6DECAF
COCSP-FMC234-xx-CL-USA-xxxx-037-BB_S74,FMC234,,,,,Coccidioides posadasii,_R[12]_001.fastq.gz,,CE8A099
COCSP-FMC235-xx-CL-USA-xxxx-037-BB_S76,FMC235,,,,,Coccidioides posadasii,_R[12]_001.fastq.gz,,C634783
COCSP-FMC449-xx-CL-USA-xxxx-037-BB_S75,FMC449,,,,,Coccidioides posadasii,_R[12]_001.fastq.gz,,C89071A
COCSP-FMC588-xx-CL-USA-xxxx-037-BB_S77,FMC588,,,,,Coccidioides posadasii,_R[12]_001.fastq.gz,,C38533D
COCSP-FMC718-xx-CL-USA-xxxx-037-BB_S80,FMC718,,,,,Coccidioides posadasii,_R[12]_001.fastq.gz,,CF12C77
COCSP-FMC778-xx-CL-USA-xxxx-037-xx_S5,FMC778,,,,,Coccidioides posadasii,_R[12]_001.fastq.gz,,C3952C7
GT-002-Texas_S8_L001,GT-002,SAMN04901286,TGEN-NORTH,SRX1737525,PRJNA274372,Coccidioides posadasii,_R[12]_001.fastq.gz,,C216B18
GT-017-Paraguay_S9_L001,GT-017,SAMN04901285,TGEN-NORTH,SRX1737524,PRJNA274372,Coccidioides posadasii,_R[12]_001.fastq.gz,,CFB3BA1
COCSP-GT101-uu-CL-USA-xxxx-037-BB_S52_L003,GT-101,,TGEN-NORTH,,,Coccidioides posadasii,_R[12]_001.fastq.gz,,C4EFBB3
COCSP-GT103-uu-CL-USA-xxxx-037-BB_S53_L003,GT-103,,TGEN-NORTH,,,Coccidioides posadasii,_R[12]_001.fastq.gz,,C8B8F98
COCSP-GT106-uu-CL-USA-xxxx-037-BB_S56_L003,GT-106,,TGEN-NORTH,,,Coccidioides posadasii,_R[12]_001.fastq.gz,,C4E1ADA
NACVFR_Cocci_GT110_S44_L004,GT-110,,TGEN-NORTH,,,Coccidioides posadasii,_R[12]_001.fastq.gz,,C640910
NACVFR_Cocci_GT112_S4_L001,GT-112,,,,,Coccidioides posadasii,_R[12]_001.fastq.gz,,C93319C
COCSP-GT115-uu-CL-USA-xxxx-037-BB_S60_L003,GT-115,,TGEN-NORTH,,,Coccidioides posadasii,_R[12]_001.fastq.gz,,CC09D99
COCSP-GT120-uu-CL-USA-xxxx-037-BB_S94_L005,GT-120,SAMN08706850,NAU,SRX3786969,PRJNA438145,Coccidioides posadasii,_R[12]_001.fastq.gz,,CA6F563
Coccidioides_spp_GT-124_TCCAGTCG-TCCAGTCG_L003,GT-124,,TGEN-NORTH,,,Coccidioides posadasii,_R[12]_001.fastq.gz,,CCCCC48
COCSP-GT130-uu-CL-USA-xxxx-037-BB_S63_L004,GT-130,,TGEN-NORTH,,,Coccidioides posadasii,_R[12]_001.fastq.gz,,CEEC571
Coccidioides_spp_GT-131_TGTGAAGA-TGTGAAGA_L006,GT-131,,TGEN-NORTH,,,Coccidioides posadasii,_R[12]_001.fastq.gz,,C0FAE91
Coccidioides_spp_GT-134_CGATGTTT-CGATGTTT_L008,GT-134,,TGEN-NORTH,,,Coccidioides posadasii,_R[12]_001.fastq.gz,,CE60774
COCSP-GT136-uu-CL-USA-xxxx-037-BB_S65_L004,GT-136,,TGEN-NORTH,,,Coccidioides posadasii,_R[12]_001.fastq.gz,,C825514
Coccidioides_spp_GT-139_TCATCCTA-TCATCCTA_L001,GT-139,,TGEN-NORTH,,,Coccidioides posadasii,_R[12]_001.fastq.gz,,CB29A3D
Coccidioides_spp_GT-141_TGACAGAC-TGACAGAC_L002,GT-141,,TGEN-NORTH,,,Coccidioides posadasii,_R[12]_001.fastq.gz,,C8C9964
Coccidioides_spp_GT-142_TTGACTCT-TGTGGTTG_L007,GT-142,,TGEN-NORTH,,,Coccidioides posadasii,_R[12]_001.fastq.gz,,CC1B69C
COCSP-GT143-uu-CL-USA-xxxx-037-BB_S25_L007,GT-143,,TGEN-NORTH,,,Coccidioides posadasii,_R[12]_001.fastq.gz,,C1D16CE
COCSP-GT144-uu-CL-USA-xxxx-037-BB_S66_L004,GT-144,,TGEN-NORTH,,,Coccidioides posadasii,_R[12]_001.fastq.gz,,C904920
Coccidioides_spp_GT-145_TTGGTATG-TTGGTATG_L003,GT-145,,TGEN-NORTH,,,Coccidioides posadasii,_R[12]_001.fastq.gz,,CFB659F
Coccidioides_spp_GT-148_TATGCCAG-TATGCCAG_L005,GT-148,,TGEN-NORTH,,,Coccidioides posadasii,_R[12]_001.fastq.gz,,C69656F
COCSP-GT149-uu-CL-USA-xxxx-037-BB_S96_L005,GT-149,,TGEN-NORTH,,,Coccidioides posadasii,_R[12]_001.fastq.gz,,C5E7948
Coccidioides_spp_GT-150_TGTGGTTG-TTGACTCT_L005,GT-150,,TGEN-NORTH,,,Coccidioides posadasii,_R[12]_001.fastq.gz,,C623DCE
Coccidioides_spp_GT-151_TGTACCTT-TGTACCTT_L002,GT-151,,TGEN-NORTH,,,Coccidioides posadasii,_R[12]_001.fastq.gz,,CDCC634
Coccidioides_spp_GT-153_TAGACGGA-TAGACGGA_L002,GT-153,,TGEN-NORTH,,,Coccidioides posadasii,_R[12]_001.fastq.gz,,C6A8CF4
Coccidioides_spp_GT-154_TCAGGAGG-TCAGGAGG_L005,GT-154,,TGEN-NORTH,,,Coccidioides posadasii,_R[12]_001.fastq.gz,,CB2C40F
Coccidioides_spp_GT-155_TGCATAGT-TCCTCAAT_L004,GT-155,,TGEN-NORTH,,,Coccidioides posadasii,_R[12]_001.fastq.gz,,C6B4D39
NACVFR_Cocci_GT157_S27_L003,GT-157,,,,,Coccidioides posadasii,_R[12]_001.fastq.gz,,CC4F2AA
Coccidioides_spp_GT-158_TCCTCAAT-TGCATAGT_L001,GT-158,,TGEN-NORTH,,,Coccidioides posadasii,_R[12]_001.fastq.gz,,C010C21
COCSP-GT159-uu-CL-USA-xxxx-037-BB_S11_L006,GT-159,,TGEN-NORTH,,,Coccidioides posadasii,_R[12]_001.fastq.gz,,C9EA1EE
Coccidioides_spp_GT-160_TACTAGTC-TACTAGTC_L004,GT-160,,TGEN-NORTH,,,Coccidioides posadasii,_R[12]_001.fastq.gz,,C448A90
Coccidioides_spp_GT-161_TCGAGCGT-TAGTGACT_L006,GT-161,,TGEN-NORTH,,,Coccidioides posadasii,_R[12]_001.fastq.gz,,CD86944
Coccidioides_spp_GT-162_TTCAGCTC-TTCAGCTC_L003,GT-162,SAMN08706851,NAU,SRX3786970,PRJNA438145,Coccidioides posadasii,_R[12]_001.fastq.gz,,C975B94
Coccidioides_spp_GT-164_TGTATGCG-TGTATGCG_L005,GT-164,,TGEN-NORTH,,,Coccidioides posadasii,_R[12]_001.fastq.gz,,C437F43
Coccidioides_spp_GT-165_TGAACTGG-TGAACTGG_L002,GT-165,,TGEN-NORTH,,,Coccidioides posadasii,_R[12]_001.fastq.gz,,CC0E1B4
Coccidioides_spp_GT-166_TTACTCGC-TTACTCGC_L004,GT-166,,TGEN-NORTH,,,Coccidioides posadasii,_R[12]_001.fastq.gz,,C02DB65
Coccidioides_spp_GT-168_TGCTGATA-TGCTGATA_L005,GT-168,,TGEN-NORTH,,,Coccidioides posadasii,_R[12]_001.fastq.gz,,C1BCFDC
COCSP-GT171-uu-CL-USA-xxxx-037-BB_S67_L004,GT-171,,TGEN-NORTH,,,Coccidioides posadasii,_R[12]_001.fastq.gz,,C28DABA
Coccidioides_spp_IL1_GAGGATGG-GAGGATGG_L008,IL1,,,,,Coccidioides posadasii,_R[12]_001.fastq.gz,,C81A900
NACVFR_Cocci_J_TORRES_S77_L007,J_TORRES,SAMN08706848,NAU,SRX3786961,PRJNA438145,Coccidioides posadasii,_R[12]_001.fastq.gz,,C4D46D2
COCSP-36452-uu-CL-USA-xxxx-037-BB_S32_L007,KJH004,,,,,Coccidioides posadasii,_R[12]_001.fastq.gz,,C7F4AC7
NACVFR_Cocci_3488_S60_L006,M1_5,,,,,Coccidioides posadasii,_R[12]_001.fastq.gz,,C13DF1D
COCSP-M158-xx-CL-MEX-2009-037-xx_S29,M158,,,,,Coccidioides posadasii,_R[12]_001.fastq.gz,,CB4951E
COCSP-M191-xx-CL-MEX-2013-037-xx_S30,M191,,,,,Coccidioides posadasii,_R[12]_001.fastq.gz,,C1F3852
COCSP-M192-xx-CL-MEX-2016-037-xx_S31,M192,,,,,Coccidioides posadasii,_R[12]_001.fastq.gz,,CB3A2E1
COCSP-M195-xx-CL-MEX-2014-037-xx_S33,M195,,,,,Coccidioides posadasii,_R[12]_001.fastq.gz,,C2FDFE7
COCSP-M196-xx-CL-MEX-2014-037-xx_S34,M196,,,,,Coccidioides posadasii,_R[12]_001.fastq.gz,,CA74535
COCSP-M197-xx-CL-MEX-2014-037-xx_S35,M197,,,,,Coccidioides posadasii,_R[12]_001.fastq.gz,,C813B11
COCSP-M198-xx-CL-MEX-2015-037-xx_S36,M198,,,,,Coccidioides posadasii,_R[12]_001.fastq.gz,,C35C849
COCSP-M199-xx-CL-MEX-2015-037-xx_S37,M199,,,,,Coccidioides posadasii,_R[12]_001.fastq.gz,,C82F880
COCSP-M200-xx-CL-MEX-2015-037-xx_S38,M200,,,,,Coccidioides posadasii,_R[12]_001.fastq.gz,,CBE0E26
COCSP-M201-xx-xx-xxx-0000-037-BB_S9,M201,,,,,Coccidioides posadasii,_R[12]_001.fastq.gz,,C283492
COCSP-M205-xx-CL-MEX-2015-037-xx_S40,M205,,,,,Coccidioides posadasii,_R[12]_001.fastq.gz,,C3FCDFB
COCSP-M206-xx-CL-MEX-2015-037-xx_S41,M206,,,,,Coccidioides posadasii,_R[12]_001.fastq.gz,,C0BC399
COCSP-M207-xx-CL-MEX-2015-037-xx_S42,M207,,,,,Coccidioides posadasii,_R[12]_001.fastq.gz,,CC06635
COCSP-M208-xx-CL-MEX-2015-037-xx_S43,M208,,,,,Coccidioides posadasii,_R[12]_001.fastq.gz,,C87E077
COCSP-M211-xx-CL-MEX-2016-037-xx_S46,M211,,,,,Coccidioides posadasii,_R[12]_001.fastq.gz,,CBC9D59
COCSP-M213-xx-CL-MEX-2016-037-xx_S47,M213,,,,,Coccidioides posadasii,_R[12]_001.fastq.gz,,C965B0D
COCSP-M214-xx-xx-xxx-0000-037-BB_S10,M214,,,,,Coccidioides posadasii,_R[12]_001.fastq.gz,,CEF67E7
COCSP-M215-xx-xx-xxx-0000-037-BB_S11,M215,,,,,Coccidioides posadasii,_R[12]_001.fastq.gz,,C5CE257
COCSP-M216-xx-CL-MEX-2016-037-xx_S32,M216,,,,,Coccidioides posadasii,_R[12]_001.fastq.gz,,C171AED
COCSP-M219-xx-CL-MEX-2016-037-xx_S44,M219,,,,,Coccidioides posadasii,_R[12]_001.fastq.gz,,CEF20B7
COCSP-M220-xx-CL-MEX-2016-037-xx_S45,M220,,,,,Coccidioides posadasii,_R[12]_001.fastq.gz,,C78293C
COCSP-M221-xx-xx-xxx-0000-037-BB_S12,M221,,,,,Coccidioides posadasii,_R[12]_001.fastq.gz,,CDACC35
COCSP-M222-xx-xx-xxx-0000-037-BB_S13,M222,,,,,Coccidioides posadasii,_R[12]_001.fastq.gz,,CDCA80C
COCSP-M223-xx-CL-MEX-2015-037-xx_S49,M223,,,,,Coccidioides posadasii,_R[12]_001.fastq.gz,,C6CD41C
TGC0650_S1_L001,Michoacan_1,SAMN04901278,TGEN-NORTH,SRX1737516,PRJNA274372,Coccidioides posadasii,_R[12]_001.fastq.gz,,C0F72A3
MJS_CSFP220005746-1a_HGFV5DSX3_L2,MJS,,,,,Coccidioides posadasii,_[12].fastq.gz,,C09BBDC
NACVFR_Cocci_2566_S83_L008,NACVFR_2566,SAMN08706847,NAU,SRX3786964,PRJNA438145,Coccidioides posadasii,_R[12]_001.fastq.gz,,C944296
NACVFR_Cocci_4542_S73_L007,NACVFR_4542,SAMN08706844,NAU,SRX3786965,PRJNA438145,Coccidioides posadasii,_R[12]_001.fastq.gz,,CCCEDD3
COCSP-0071-xx-CL-USA-xxxx-037-xx_S28,NM_0071,,,,,Coccidioides posadasii,_R[12]_001.fastq.gz,,CCBF9DE
COCSP-0317-xx-CL-USA-xxxx-037-xx_S13,NM_0317,,,,,Coccidioides posadasii,_R[12]_001.fastq.gz,,C3CEB27
COCSP-0369-xx-CL-USA-xxxx-037-xx_S19,NM_0369,,,,,Coccidioides posadasii,_R[12]_001.fastq.gz,,CB04693
COCSP-3006-xx-CL-USA-xxxx-037-xx_S20,NM_3006,,,,,Coccidioides posadasii,_R[12]_001.fastq.gz,,C63AD2F
COCSP-3894-xx-CL-USA-xxxx-037-xx_S14,NM_3894,,,,,Coccidioides posadasii,_R[12]_001.fastq.gz,,CB9DFFA
COCSP-3957-xx-CL-USA-xxxx-037-xx_S12,NM_3957,,,,,Coccidioides posadasii,_R[12]_001.fastq.gz,,C244216
COCSP-4233-xx-CL-USA-xxxx-037-xx_S24,NM_4233,,,,,Coccidioides posadasii,_R[12]_001.fastq.gz,,CDAA4AB
COCSP-4297-xx-CL-USA-xxxx-037-xx_S16,NM_4297,,,,,Coccidioides posadasii,_R[12]_001.fastq.gz,,CC36A03
COCSP-459-xx-xx-xxx-0000-037-BB_S5,NM_459,,,,,Coccidioides posadasii,_R[12]_001.fastq.gz,,CE1FC69
COCSP-4708-xx-CL-USA-xxxx-037-xx_S25,NM_4708,,,,,Coccidioides posadasii,_R[12]_001.fastq.gz,,C071C1A
COCSP-5945-xx-CL-USA-xxxx-037-xx_S22,NM_5945,,,,,Coccidioides posadasii,_R[12]_001.fastq.gz,,C37DB6B
COCSP-7898-xx-CL-USA-xxxx-037-xx_S27,NM_7898,,,,,Coccidioides posadasii,_R[12]_001.fastq.gz,TooLow,C8B6984
COCSP-9837-xx-CL-USA-xxxx-037-xx_S21,NM_9837,,,,,Coccidioides posadasii,_R[12]_001.fastq.gz,,CEFF44F
COCSP-9861-xx-xx-xxx-0000-037-BB_S7,NM_9861,,,,,Coccidioides posadasii,_R[12]_001.fastq.gz,,C188024
TGC0648_S2_L001,Nuevo_Leon_1,SAMN04901276,TGEN-NORTH,SRX1737514,PRJNA274372,Coccidioides posadasii,_R[12]_001.fastq.gz,,C8D2860
TGC0649_S3_L001,Nuevo_Leon_2,SAMN04901277,TGEN-NORTH,SRX1737515,PRJNA274372,Coccidioides posadasii,_R[12]_001.fastq.gz,,CB39D8F
Coccidioides-posadasii-TGC0656_TGGCTCAG_L003,Phoenix_1,SAMN04901267,TGEN-NORTH,SRX1737504,PRJNA274372,Coccidioides posadasii,_R[12]_001.fastq.gz,,CDD70D4
Coccidioides-posadasii-TGC0657_TATGCCAG_L003,Phoenix_2,SAMN04901268,TGEN-NORTH,SRX1737505,PRJNA274372,Coccidioides posadasii,_R[12]_001.fastq.gz,,CE7BF4E
Coccidioides-posadasii-TGC0658_TCAGATTC_L003,Phoenix_3,SAMN04901269,TGEN-NORTH,SRX1737506,PRJNA274372,Coccidioides posadasii,_R[12]_001.fastq.gz,,CBCE13E
Coccidioides-posadasii-TGC0659_TACTAGTC_L003,Phoenix_4,SAMN04901270,TGEN-NORTH,SRX1737507,PRJNA274372,Coccidioides posadasii,_R[12]_001.fastq.gz,,CD39A82
Coccidioides-posadasii-TGC0660_TTCAGCTC_L003,Phoenix_5,SAMN04901271,TGEN-NORTH,SRX1737508,PRJNA274372,Coccidioides posadasii,_R[12]_001.fastq.gz,,CCF91B7
Coccidioides-posadasii-TGC0661_TAGCTTGT_L003,Phoenix_6,SAMN04901272,TGEN-NORTH,SRX1737509,PRJNA274372,Coccidioides posadasii,_R[12]_001.fastq.gz,,CA74E50
Coccidioides-posadasii-TGC0662_CGATGTTT_L003,Phoenix_7,SAMN04901273,TGEN-NORTH,SRX1737511,PRJNA274372,Coccidioides posadasii,_R[12]_001.fastq.gz,,CEAC1FB
Coccidioides-posadasii-TGC0663_GCCAATGT_L003,Phoenix_8,SAMN04901274,TGEN-NORTH,SRX1737512,PRJNA274372,Coccidioides posadasii,_R[12]_001.fastq.gz,,CF27C0B
Coccidioides-posadasii-TGC0664_ACAGTGGT_L003,Phoenix_9,SAMN04901275,TGEN-NORTH,SRX1737513,PRJNA274372,Coccidioides posadasii,_R[12]_001.fastq.gz,,CD578F3
S_670_CSFP210010252-1a_HYG2CDSX2_L2,S_670,UnB,,,,Coccidioides posadasii,_[12].fastq.gz,,C2DB54F
S_671_CSFP210010253-1a_H23WJDSX3_L1,S_671,UnB,,,,Coccidioides posadasii,_[12].fastq.gz,,C441547
s672_CSFP220005747-1a_HGFV5DSX3_L2,S_672,UnB,,,,Coccidioides posadasii,_[12].fastq.gz,,C5FEA52
s673_CSFP220005748-1a_HGFV5DSX3_L2,S_673,UnB,,,,Coccidioides posadasii,_[12].fastq.gz,,CEE7F7E
s674_CSFP220005749-1a_HGFV5DSX3_L2,S_674,UnB,,,,Coccidioides posadasii,_[12].fastq.gz,,C7A8902
S_675_CSFP210013149-1a_HY3NLDSX2_L1,S_675,UnB,,,,Coccidioides posadasii,_[12].fastq.gz,,CD889B5
S_676_CSFP210010254-1a_H23WJDSX3_L1,S_676,UnB,,,,Coccidioides posadasii,_[12].fastq.gz,,CC5F10C
s739_CSFP220005751-1a_HGFV5DSX3_L2,S_739,UnB,,,,Coccidioides posadasii,_[12].fastq.gz,,CBAF81A
s740_CSFP220005752-1a_HGFV5DSX3_L2,S_740,UnB,,,,Coccidioides posadasii,_[12].fastq.gz,,CA719B2
s741_CSFP220005750-1a_HGFV5DSX3_L2,S_741,UnB,,,,Coccidioides posadasii,_[12].fastq.gz,,CE74623
S_742_CSFP210010256-1a_H23WJDSX3_L3,S_742,UnB,,,,Coccidioides posadasii,_[12].fastq.gz,,C9828C4
NACVFR_Cocci_2379_S47_L005,SA12,,,,,Coccidioides posadasii,_R[12]_001.fastq.gz,,CFC3208
NACVFR_Cocci_3796_S49_L005,SA14,SAMN08706846,NAU,SRX3786963,PRJNA438145,Coccidioides posadasii,_R[12]_001.fastq.gz,,C329EDE
NACVFR_Cocci_3700_S62_L006,SA2,,,,,Coccidioides posadasii,_R[12]_001.fastq.gz,,C79B40C
Coccidioides-posadasii-TGC0646_TTCTGTGT_L004,San_Antonio_1,SAMN04901262,TGEN-NORTH,SRX1737498,PRJNA274372,Coccidioides posadasii,_R[12]_001.fastq.gz,,C3D3187
COCSP-SDVA10-xx-xx-USA-0000-037-BB_S29,SDVA10,,TGEN-NORTH,,,Coccidioides posadasii,_R[12]_001.fastq.gz,,CE292C0
COCSP-SDVA14-xx-xx-USA-0000-037-BB_S30,SDVA14,,TGEN-NORTH,,,Coccidioides posadasii,_R[12]_001.fastq.gz,,C979C11
COCSP-SDVA16-xx-xx-USA-0000-037-BB_S31,SDVA16,,TGEN-NORTH,,,Coccidioides posadasii,_R[12]_001.fastq.gz,,C8C953C
COCSP-SDVA20-xx-xx-USA-0000-037-BB_S33,SDVA20,,TGEN-NORTH,,,Coccidioides posadasii,_R[12]_001.fastq.gz,,C001139
COCSP-SDVA25-xx-xx-USA-0000-037-BB_S34,SDVA25,,TGEN-NORTH,,,Coccidioides posadasii,_R[12]_001.fastq.gz,,CA77E5F
COCSP-SDVA26-xx-xx-USA-0000-037-BB_S35,SDVA26,,TGEN-NORTH,,,Coccidioides posadasii,_R[12]_001.fastq.gz,,C155182
COCSP-SDVA27-xx-xx-USA-0000-037-BB_S36,SDVA27,,TGEN-NORTH,,,Coccidioides posadasii,_R[12]_001.fastq.gz,,C0C1465
COCSP-SDVA42-xx-xx-USA-0000-037-BB_S47,SDVA42,,TGEN-NORTH,,,Coccidioides posadasii,_R[12]_001.fastq.gz,,C8631F9
COCSP-SDVA45-xx-xx-USA-0000-037-BB_S48,SDVA45,,TGEN-NORTH,,,Coccidioides posadasii,_R[12]_001.fastq.gz,,CFD794D
COCSP-SDVA47-xx-xx-USA-0000-037-BB_S49,SDVA47,,TGEN-NORTH,,,Coccidioides posadasii,_R[12]_001.fastq.gz,,C51A5F7
COCSP-SDVA7-xx-xx-USA-0000-037-BB_S28,SDVA7,,TGEN-NORTH,,,Coccidioides posadasii,_R[12]_001.fastq.gz,,C59F9C3
COCSP-SDVA8-xx-xx-USA-0000-037-BB_S41,SDVA8,,TGEN-NORTH,,,Coccidioides posadasii,_R[12]_001.fastq.gz,,C4076F5
Coccidioides_spp_407-o-L-2_ACTTGATG-ACTTGATG_L006,SOIL_407-0_L_OLD_CPA0001,,,,,Coccidioides posadasii,_R[12]_001.fastq.gz,,CB07E82
Coccidioides_spp_485B-o-L-2_ACAGTGGT-ACAGTGGT_L002,SOIL_485B-0_L_OLD_CPA0020,,,,,Coccidioides posadasii,_R[12]_001.fastq.gz,,C06307D
Coccidioides_spp_573-2-L-new_ACTTGATG-ACTTGATG_L002,SOIL_573-2_L_NEW_CPA0035,,,,,Coccidioides posadasii,_R[12]_001.fastq.gz,,CA38200
Coccidioides_spp_574-2-L-new_GATTCATC-GATTCATC_L006,SOIL_574-2_L_NEW_CPA0042,,,,,Coccidioides posadasii,_R[12]_001.fastq.gz,,C6930E8
Coccidioides_spp_574-4-S-new_GCCAATGT-GCCAATGT_L002,SOIL_574-4_S_NEW_CPA0047,,,,,Coccidioides posadasii,_R[12]_001.fastq.gz,,C1BFF2C
Coccidioides_spp_578-1-A-new_GCTAACTC-GCTAACTC_L007,SOIL_578-1_A_NEW_CPA0048,,,,,Coccidioides posadasii,_R[12]_001.fastq.gz,,CEB879C
Coccidioides_spp_580-1-L-new_TCTACGAC-TCTACGAC_L008,SOIL_580-1_L_NEW_CPA0055,,,,,Coccidioides posadasii,_R[12]_001.fastq.gz,,C4BB30D
Coccidioides_spp_580-2-L-new_ACTTGATG-ACTTGATG_L005,SOIL_580-2_L_NEW_CPA0060,,,,,Coccidioides posadasii,_R[12]_001.fastq.gz,,CB4CF9D
Coccidioides_spp_580-2-S-new_TGACAGAC-TGACAGAC_L005,SOIL_580-2_S_NEW_CPA0061,,,,,Coccidioides posadasii,_R[12]_001.fastq.gz,,C8D17F3
Coccidioides_spp_580-4-L-new_TAGAACAC-TAGAACAC_L008,SOIL_580-4_L_NEW_CPA0062,,,,,Coccidioides posadasii,_R[12]_001.fastq.gz,,C895AE2
Coccidioides_spp_582-1-S-new_TGACAGAC-TGACAGAC_L001,SOIL_582-1_S_NEW_CPA0065,,,,,Coccidioides posadasii,_R[12]_001.fastq.gz,,C5B54EB
Coccidioides_spp_604-1-L_TGACAGAC-TGACAGAC_L006,SOIL_604-1_L_OLD_CPA066,,,,,Coccidioides posadasii,_R[12]_001.fastq.gz,,C04D475
Coccidioides-posadasii-TGC0651_TTGGAGGT_L005,Sonora_1,SAMN04901264,TGEN-NORTH,SRX1737501,PRJNA274372,Coccidioides posadasii,_R[12]_001.fastq.gz,,C27DCDE
Coccidioides-posadasii-TGC0652_TCGAGCGT_L005,Sonora_2,SAMN04901265,TGEN-NORTH,SRX1737502,PRJNA274372,Coccidioides posadasii,_R[12]_001.fastq.gz,,CB65637
Coccidioides-posadasii-TGC0609_TAGTGACT_L001,Tucson_1,SAMN04901239,TGEN-NORTH,SRX1737473,PRJNA274372,Coccidioides posadasii,_R[12]_001.fastq.gz,,C6464A9
Coccidioides-posadasii-TGC0622_TTCCATTG_L001,Tucson_10,SAMN04901248,TGEN-NORTH,SRX1737483,PRJNA274372,Coccidioides posadasii,_R[12]_001.fastq.gz,,CEE0D8B
Coccidioides-posadasii-TGC0623_TGACCACT_L005,Tucson_11,SAMN04901249,TGEN-NORTH,SRX1737484,PRJNA274373,Coccidioides posadasii,_R[12]_001.fastq.gz,,CACA1A7
Coccidioides-posadasii-TGC0625_TCGAAGTG_L001,Tucson_12,SAMN04901250,TGEN-NORTH,SRX1737485,PRJNA274374,Coccidioides posadasii,_R[12]_001.fastq.gz,,CA68045
Coccidioides-posadasii-TGC0626_TAACGCTG_L002,Tucson_13,SAMN04901251,TGEN-NORTH,SRX1737486,PRJNA274375,Coccidioides posadasii,_R[12]_001.fastq.gz,,CD60681
Coccidioides-posadasii-TGC0627_TGGTTGTT_L005,Tucson_14,SAMN04901252,TGEN-NORTH,SRX1737487,PRJNA274376,Coccidioides posadasii,_R[12]_001.fastq.gz,,CBC5942
Coccidioides-posadasii-TGC0629_TGAACTGG_L002,Tucson_15,SAMN04901253,TGEN-NORTH,SRX1737489,PRJNA274377,Coccidioides posadasii,_R[12]_001.fastq.gz,,C105C70
Coccidioides-posadasii-TGC0630_TACTTCGG_L002,Tucson_16,SAMN04901254,TGEN-NORTH,SRX1737490,PRJNA274378,Coccidioides posadasii,_R[12]_001.fastq.gz,,C57E366
Coccidioides-posadasii-TGC0632_TCAGGAGG_L002,Tucson_17,SAMN04901255,TGEN-NORTH,SRX1737491,PRJNA274379,Coccidioides posadasii,_R[12]_001.fastq.gz,,C2626D4
Coccidioides-posadasii-TGC0633_TAAGTTCG_L002,Tucson_18,SAMN04901256,TGEN-NORTH,SRX1737492,PRJNA274380,Coccidioides posadasii,_R[12]_001.fastq.gz,,C70BF79
Coccidioides-posadasii-TGC0634_TCTCGGTT_L005,Tucson_19,SAMN04901257,TGEN-NORTH,SRX1737493,PRJNA274372,Coccidioides posadasii,_R[12]_001.fastq.gz,,C6B259C
Coccidioides-posadasii-TGC0611_TACAGGAT_L001,Tucson_2,SAMN04901240,TGEN-NORTH,SRX1737474,PRJNA274372,Coccidioides posadasii,_R[12]_001.fastq.gz,,C17EB43
Coccidioides-posadasii-TGC0635_TCCAGTCG_L002,Tucson_20,SAMN04901258,TGEN-NORTH,SRX1737494,PRJNA274372,Coccidioides posadasii,_R[12]_001.fastq.gz,,C33007F
Coccidioides-posadasii-TGC0637_TAAGCGTT_L005,Tucson_21,SAMN04901259,TGEN-NORTH,SRX1737495,PRJNA274372,Coccidioides posadasii,_R[12]_001.fastq.gz,,CE514E1
Coccidioides-posadasii-TGC0639_TGTATGCG_L002,Tucson_22,SAMN04901260,TGEN-NORTH,SRX1737496,PRJNA274372,Coccidioides posadasii,_R[12]_001.fastq.gz,,C8AD93C
Coccidioides-posadasii-TGC0640_TCCGTCTT_L003,Tucson_23,SAMN04901261,TGEN-NORTH,SRX1737497,PRJNA274372,Coccidioides posadasii,_R[12]_001.fastq.gz,,CD82703
SRR3468073,Tucson_24,SAMN04901284,TGEN-NORTH,SRX1737523,PRJNA274372,Coccidioides posadasii,_[12].fastq.gz,,C55FEA8
Coccidioides-posadasii-TGC0613_TTAGGCAT_L002,Tucson_3,SAMN04901241,TGEN-NORTH,SRX1737475,PRJNA274372,Coccidioides posadasii,_R[12]_001.fastq.gz,,C06DFB4
Coccidioides-posadasii-TGC0614_TCCTCAAT_L001,Tucson_4,SAMN04901242,TGEN-NORTH,SRX1737476,PRJNA274372,Coccidioides posadasii,_R[12]_001.fastq.gz,,C189EA8
Coccidioides-posadasii-TGC0615_TGTGGTTG_L001,Tucson_5,SAMN04901243,TGEN-NORTH,SRX1737478,PRJNA274372,Coccidioides posadasii,_R[12]_001.fastq.gz,,CEC2669
Coccidioides-posadasii-TGC0618_TAGTCTTG_L001,Tucson_6,SAMN04901244,TGEN-NORTH,SRX1737479,PRJNA274372,Coccidioides posadasii,_R[12]_001.fastq.gz,,C963A1A
Coccidioides-posadasii-TGC0619_GGCTACAG_L004,Tucson_7,SAMN04901245,TGEN-NORTH,SRX1737480,PRJNA274372,Coccidioides posadasii,_R[12]_001.fastq.gz,,CF9B415
Coccidioides-posadasii-TGC0620_CTTGTACT_L004,Tucson_8,SAMN04901246,TGEN-NORTH,SRX1737481,PRJNA274372,Coccidioides posadasii,_R[12]_001.fastq.gz,,CCBD0CE
Coccidioides-posadasii-TGC0621_ACTTGATG_L004,Tucson_9,SAMN04901247,TGEN-NORTH,SRX1737482,PRJNA274372,Coccidioides posadasii,_R[12]_001.fastq.gz,,C916DC3
NACVFR_Cocci_TX1_S53_L005,TX1,,,,,Coccidioides posadasii,_R[12]_001.fastq.gz,,C9D0C3F
Coccidioides_spp_TX10_TTGCGTAC-TTGCGTAC_L008,TX10,,,,,Coccidioides posadasii,_R[12]_001.fastq.gz,,C4989F4
Coccidioides_spp_TX11_TGCGTGAA-TGCGTGAA_L006,TX11,,,,,Coccidioides posadasii,_R[12]_001.fastq.gz,,CEC36E2
Coccidioides_spp_TX12_GTCGCTAT-GTCGCTAT_L007,TX12,,,,,Coccidioides posadasii,_R[12]_001.fastq.gz,,CC2E952
NACVFR_Cocci_TX13_S29_L003,TX13,,,,,Coccidioides posadasii,_R[12]_001.fastq.gz,TooLow,C0C5B85
Coccidioides_spp_TX14_GTCTTGGC-GTCTTGGC_L007,TX14,,,,,Coccidioides posadasii,_R[12]_001.fastq.gz,,CEF4951
NACVFR_Cocci_2239_S71_L007,TX17,,,,,Coccidioides posadasii,_R[12]_001.fastq.gz,,CFBA040
Coccidioides_spp_TX2_TGACAGAC-TGACAGAC_L008,TX2,,,,,Coccidioides posadasii,_R[12]_001.fastq.gz,,C022B0B
NACVFR_Cocci_TX3_S54_L005,TX3,,,,,Coccidioides posadasii,_R[12]_001.fastq.gz,,C37F3C2
NACVFR_Cocci_TX4_S67_L006,TX4,,,,,Coccidioides posadasii,_R[12]_001.fastq.gz,,CBED712
NACVFR_Cocci_TX5_S78_L007,TX5,,,,,Coccidioides posadasii,_R[12]_001.fastq.gz,,C5ED0E6
Coccidioides_spp_TX6_GTTAGCCT-GTTAGCCT_L006,TX6,,,,,Coccidioides posadasii,_R[12]_001.fastq.gz,,C41E132
Coccidioides_spp_TX7_GACCTTAG-GACCTTAG_L008,TX7,,,,,Coccidioides posadasii,_R[12]_001.fastq.gz,,C5F539A
Coccidioides_spp_TX8_CGATGTTT-CGATGTTT_L007,TX8,,,,,Coccidioides posadasii,_R[12]_001.fastq.gz,,C5FF6CA
Coccidioides_spp_TX9_TGACAGAC-TGACAGAC_L007,TX9,,,,,Coccidioides posadasii,_R[12]_001.fastq.gz,,C1F2195
NACVFR_Cocci_31331_S35_L004,UTAH_31331,,,,,Coccidioides posadasii,_R[12]_001.fastq.gz,,CD84C39
NACVFR_Cocci_350355_S37_L004,UTAH_350355,,,,,Coccidioides posadasii,_R[12]_001.fastq.gz,,C31EB65
COCSP-9443-xx-CL-USA-xxxx-037-xx_S18,UTAH_9443,,,,,Coccidioides posadasii,_R[12]_001.fastq.gz,,C5C7054
COCSP-9737-xx-CL-USA-xxxx-037-xx_S26,UTAH_9737,,,,,Coccidioides posadasii,_R[12]_001.fastq.gz,,C729F85
NACVFR_Cocci_2372_S72_L007,VFC054_7SA,,,,,Coccidioides posadasii,_R[12]_001.fastq.gz,,CF9F7B7
COCSP-8501-uu-CL-USA-xxxx-037-BB_S29_L007,VFC083,,,,,Coccidioides posadasii,_R[12]_001.fastq.gz,,C004E0E
COCSP-2028CPA67-uu-CL-USA-xxxx-037-BB_S30_L007,VFC084_CPA0067,,,,,Coccidioides posadasii,_R[12]_001.fastq.gz,,CF11C50
COCSP-2927CPA68-uu-CL-USA-xxxx-037-BB_S98_L005,VFC085_CPA0068,,,,,Coccidioides posadasii,_R[12]_001.fastq.gz,,CB235D1
COCSP-37187-uu-CL-USA-xxxx-037-BB_S13_L006,VFC087,,,,,Coccidioides posadasii,_R[12]_001.fastq.gz,,C3E4CEC
COCSP-34364-uu-CL-USA-xxxx-037-BB_S100_L005,VFC088,,,,,Coccidioides posadasii,_R[12]_001.fastq.gz,,C254BFB
COCSP-36397-uu-CL-USA-xxxx-037-BB_S35_L007,VFC090,,,,,Coccidioides posadasii,_R[12]_001.fastq.gz,,C1E875D
COCSP-37379-uu-CL-USA-xxxx-037-BB_S33_L007,VFC091,,,,,Coccidioides posadasii,_R[12]_001.fastq.gz,,CFF1E4C
COCSP-37777-uu-CL-USA-xxxx-037-BB_S34_L007,VFC092,,,,,Coccidioides posadasii,_R[12]_001.fastq.gz,,C9DDB1F
COCSP-38172-uu-CL-USA-xxxx-037-BB_S85_L005,VFC093,,,,,Coccidioides posadasii,_R[12]_001.fastq.gz,,CEB6181
COCSP-WA31-xx-xx-xxx-0000-037-BB_S19,WA31,,,,,Coccidioides posadasii,_R[12]_001.fastq.gz,,C87A2FA
SRR30104648,B3391,SAMN42994162,UCSF,SRX25577937,PRJNA1143091,Coccidioides posadasii,_[12].fastq.gz,,CB47B09
SRR30104649,B3375,SAMN42994161,UCSF,SRX25577936,PRJNA1143091,Coccidioides posadasii,_[12].fastq.gz,,C769598
SRR30104650,UCSF_5AZ,SAMN42994116,UCSF,SRX25577935,PRJNA1143091,Coccidioides posadasii,_[12].fastq.gz,,C4980C8
SRR30104651,B3440,SAMN42994160,UCSF,SRX25577934,PRJNA1143091,Coccidioides posadasii,_[12].fastq.gz,,C2CD592
SRR30104652,B3439,SAMN42994159,UCSF,SRX25577933,PRJNA1143091,Coccidioides posadasii,_[12].fastq.gz,,C251D21
SRR30104653,B3420,SAMN42994158,UCSF,SRX25577932,PRJNA1143091,Coccidioides posadasii,_[12].fastq.gz,,C3D0FEC
SRR30104654,B3417,SAMN42994157,UCSF,SRX25577931,PRJNA1143091,Coccidioides posadasii,_[12].fastq.gz,,C574D2D
SRR30104655,B3413,SAMN42994156,UCSF,SRX25577930,PRJNA1143091,Coccidioides posadasii,_[12].fastq.gz,,C774DC9
SRR30104656,B3411,SAMN42994155,UCSF,SRX25577929,PRJNA1143091,Coccidioides posadasii,_[12].fastq.gz,,CBD318B
SRR30104657,B3409,SAMN42994154,UCSF,SRX25577928,PRJNA1143091,Coccidioides posadasii,_[12].fastq.gz,,C7AB0B6
SRR30104658,B3457,SAMN42994153,UCSF,SRX25577927,PRJNA1143091,Coccidioides posadasii,_[12].fastq.gz,,C4D20AE
SRR30104659,B3453,SAMN42994152,UCSF,SRX25577926,PRJNA1143091,Coccidioides posadasii,_[12].fastq.gz,,C55B50A
SRR30104660,B3482,SAMN42994151,UCSF,SRX25577925,PRJNA1143091,Coccidioides posadasii,_[12].fastq.gz,,C59F6A8
SRR30104661,B3491,SAMN42994115,UCSF,SRX25577924,PRJNA1143091,Coccidioides posadasii,_[12].fastq.gz,,C53B4A4
SRR30104662,B3224,SAMN42994150,UCSF,SRX25577923,PRJNA1143091,Coccidioides posadasii,_[12].fastq.gz,,CAFF422
SRR30104663,B3276,SAMN42994149,UCSF,SRX25577922,PRJNA1143091,Coccidioides posadasii,_[12].fastq.gz,,C38AD85
SRR30104664,B3203,SAMN42994120,UCSF,SRX25577921,PRJNA1143091,Coccidioides posadasii,_[12].fastq.gz,,C5B81D8
SRR30104665,BFF340,SAMN42994119,UCSF,SRX25577920,PRJNA1143091,Coccidioides posadasii,_[12].fastq.gz,,CF945FD
SRR30104666,UCSF_Cp_Silveira,SAMN42994188,UCSF,SRX25577919,PRJNA1143091,Coccidioides posadasii,_[12].fastq.gz,,C282BBF
SRR30104667,B3246,SAMN42994187,UCSF,SRX25577918,PRJNA1143091,Coccidioides posadasii,_[12].fastq.gz,,C90A8A7
SRR30104668,B3245,SAMN42994186,UCSF,SRX25577917,PRJNA1143091,Coccidioides posadasii,_[12].fastq.gz,,CED469C
SRR30104669,B3244,SAMN42994185,UCSF,SRX25577916,PRJNA1143091,Coccidioides posadasii,_[12].fastq.gz,,CC6B4BB
SRR30104670,B3242,SAMN42994184,UCSF,SRX25577915,PRJNA1143091,Coccidioides posadasii,_[12].fastq.gz,,CB5329B
SRR30104671,B3228,SAMN42994183,UCSF,SRX25577914,PRJNA1143091,Coccidioides posadasii,_[12].fastq.gz,,C904DB3
SRR30104672,B3213,SAMN42994182,UCSF,SRX25577913,PRJNA1143091,Coccidioides posadasii,_[12].fastq.gz,,CDAADD1
SRR30104673,B3215,SAMN42994181,UCSF,SRX25577912,PRJNA1143091,Coccidioides posadasii,_[12].fastq.gz,,C363309
SRR30104674,UCSF_10AZ,SAMN42994118,UCSF,SRX25577911,PRJNA1143091,Coccidioides posadasii,_[12].fastq.gz,,CE941EB
SRR30104675,B3220,SAMN42994180,UCSF,SRX25577910,PRJNA1143091,Coccidioides posadasii,_[12].fastq.gz,,CA97D76
SRR30104676,B3359,SAMN42994179,UCSF,SRX25577909,PRJNA1143091,Coccidioides posadasii,_[12].fastq.gz,,CD2AA35
SRR30104677,B3358,SAMN42994178,UCSF,SRX25577908,PRJNA1143091,Coccidioides posadasii,_[12].fastq.gz,,C57D771
SRR30104680,B3269,SAMN42994146,UCSF,SRX25577905,PRJNA1143091,Coccidioides posadasii,_[12].fastq.gz,,C180A32
SRR30104683,B3256,SAMN42994143,UCSF,SRX25577902,PRJNA1143091,Coccidioides posadasii,_[12].fastq.gz,,C818D8D
SRR30104685,B3251,SAMN42994141,UCSF,SRX25577900,PRJNA1143091,Coccidioides posadasii,_[12].fastq.gz,,C8F4B83
SRR30104686,UCSF_3490AZ,SAMN42994114,UCSF,SRX25577899,PRJNA1143091,Coccidioides posadasii,_[12].fastq.gz,,C4FD2B5
SRR30104688,B3315,SAMN42994139,UCSF,SRX25577897,PRJNA1143091,Coccidioides posadasii,_[12].fastq.gz,,C362512
SRR30104689,B3314,SAMN42994138,UCSF,SRX25577896,PRJNA1143091,Coccidioides posadasii,_[12].fastq.gz,,CBC6125
SRR30104690,B3313,SAMN42994137,UCSF,SRX25577895,PRJNA1143091,Coccidioides posadasii,_[12].fastq.gz,,CDF0487
SRR30104691,B3290,SAMN42994136,UCSF,SRX25577894,PRJNA1143091,Coccidioides posadasii,_[12].fastq.gz,,C1CD50B
SRR30104692,B3310,SAMN42994135,UCSF,SRX25577893,PRJNA1143091,Coccidioides posadasii,_[12].fastq.gz,,C2B8E97
SRR30104694,B3353,SAMN42994177,UCSF,SRX25577891,PRJNA1143091,Coccidioides posadasii,_[12].fastq.gz,,C210CF2
SRR30104695,B3352,SAMN42994176,UCSF,SRX25577890,PRJNA1143091,Coccidioides posadasii,_[12].fastq.gz,,C083FA6
SRR30104696,B3348,SAMN42994175,UCSF,SRX25577889,PRJNA1143091,Coccidioides posadasii,_[12].fastq.gz,,C8D1221
SRR30104697,B3347,SAMN42994174,UCSF,SRX25577888,PRJNA1143091,Coccidioides posadasii,_[12].fastq.gz,,C7FF6C1
SRR30104698,B3345,SAMN42994173,UCSF,SRX25577887,PRJNA1143091,Coccidioides posadasii,_[12].fastq.gz,,CC9C02F
SRR30104699,B3344,SAMN42994172,UCSF,SRX25577886,PRJNA1143091,Coccidioides posadasii,_[12].fastq.gz,,C50AAF5
SRR30104700,B3341,SAMN42994171,UCSF,SRX25577885,PRJNA1143091,Coccidioides posadasii,_[12].fastq.gz,,C5A12A5
SRR30104701,UCSF_9AZ,SAMN42994117,UCSF,SRX25577884,PRJNA1143091,Coccidioides posadasii,_[12].fastq.gz,,C22DE67
SRR30104702,B3335,SAMN42994170,UCSF,SRX25577883,PRJNA1143091,Coccidioides posadasii,_[12].fastq.gz,,C104461
SRR30104703,B3382,SAMN42994169,UCSF,SRX25577882,PRJNA1143091,Coccidioides posadasii,_[12].fastq.gz,,C074AB1
SRR30104704,B3374,SAMN42994168,UCSF,SRX25577881,PRJNA1143091,Coccidioides posadasii,_[12].fastq.gz,,CBF548A
SRR30104705,B3368,SAMN42994167,UCSF,SRX25577880,PRJNA1143091,Coccidioides posadasii,_[12].fastq.gz,,CDD87E0
SRR30104706,B3227,SAMN42994166,UCSF,SRX25577879,PRJNA1143091,Coccidioides posadasii,_[12].fastq.gz,,CCB7E5E
SRR30104707,B3326,SAMN42994165,UCSF,SRX25577878,PRJNA1143091,Coccidioides posadasii,_[12].fastq.gz,,CF96F29
SRR30104708,B3398,SAMN42994164,UCSF,SRX25577877,PRJNA1143091,Coccidioides posadasii,_[12].fastq.gz,,C1EFAD8
SRR30104709,B3395,SAMN42994163,UCSF,SRX25577876,PRJNA1143091,Coccidioides posadasii,_[12].fastq.gz,,C2387B0
SRR30104710,B3301,SAMN42994133,UCSF,SRX25577875,PRJNA1143091,Coccidioides posadasii,_[12].fastq.gz,,C251A4F
SRR30104713,B3489,SAMN42994113,UCSF,SRX25577872,PRJNA1143091,Coccidioides posadasii,_[12].fastq.gz,,CCD713F
SRR30104714,B3292,SAMN42994130,UCSF,SRX25577871,PRJNA1143091,Coccidioides posadasii,_[12].fastq.gz,,C780200
SRR30104715,B3291,SAMN42994129,UCSF,SRX25577870,PRJNA1143091,Coccidioides posadasii,_[12].fastq.gz,,CE923C2
SRR30104717,B3286,SAMN42994127,UCSF,SRX25577868,PRJNA1143091,Coccidioides posadasii,_[12].fastq.gz,,C407126
SRR30104718,B3284,SAMN42994126,UCSF,SRX25577867,PRJNA1143091,Coccidioides posadasii,_[12].fastq.gz,,C06FDAE
SRR30104719,B3236,SAMN42994125,UCSF,SRX25577866,PRJNA1143091,Coccidioides posadasii,_[12].fastq.gz,,C8950A4
SRR30104720,B3226,SAMN42994124,UCSF,SRX25577865,PRJNA1143091,Coccidioides posadasii,_[12].fastq.gz,,C2C32AD
SRR30104722,B3222,SAMN42994122,UCSF,SRX25577863,PRJNA1143091,Coccidioides posadasii,_[12].fastq.gz,,C3A673A
SRR30104723,B3221,SAMN42994121,UCSF,SRX25577862,PRJNA1143091,Coccidioides posadasii,_[12].fastq.gz,,C17BDF0
SRR30104724,B3492,SAMN42994112,UCSF,SRX25577861,PRJNA1143091,Coccidioides posadasii,_[12].fastq.gz,,C66B44B
SRR30104725,B3476,SAMN42994111,UCSF,SRX25577860,PRJNA1143091,Coccidioides posadasii,_[12].fastq.gz,,CE9CA74
