407-0_S_OLD_CPA0002,Cpos
407-1_S_OLD_CPA0004,Cpos
409B-0_L_OLD_CPA0011,Cpos
409B-0_S_OLD_CPA0012,Cpos
4545-MICE,Cpos
485B-0_S_OLD_CPA0021,Cpos
485B-1_L_OLD_CPA0023,Cpos
485B-4_S_NEW_CPA0029,Cpos
573-1_L_NEW_CPA0031,Cpos
573-1_S_NEW_CPA0033,Cpos
574-0_L_OLD_CPA0038,Cpos
574-0_S_OLD_CPA0039,Cpos
574-1_L_NEW_CPA0040,Cpos
578-1_A_NEW_CPA0048,Cpos
578-1_L_NEW_CPA0049_alt,Cpos
582-1_L_NEW_CPA0064,Cpos
730332_Guatemala,Cpos
730333_Guatemala,Cpos
730334_Guatemala,Cpos
B0858-Guatemala,Cpos
B10757_Nevada,Cpos
B10813_Texas,Cpos
B10917,Cpos
B10918,Cpos
B10919,Cpos
B11036,Cpos
B11058,Cpos
B11199,Cpos
B11232,Cpos
B11299,Cpos
B11300,Cpos
B11400,Cpos
B11871,Cpos
B11872,Cpos
B11877,Cpos
B12202,Cpos
B12216,Cpos
B12218,Cpos
B12226,Cpos
B12397,Cpos
B12399,Cpos
B12400,Cpos
B12402,Cpos
B12471,Cpos
B12475,Cpos
B12498,Cpos
B1249_Guatemala,Cpos
B12527,Cpos
B13534,Cpos
B13535,Cpos
B13981,Cpos
B14104,Cpos
B14130,Cpos
B14134,Cpos
B14291,Cpos
B14292,Cpos
B15369,Cpos
B16293,Cpos
B16294,Cpos
B16531,Cpos
B16712,Cpos
B5773_Brazil,Cpos
Beeville,Cpos
C735-TKO,Cpos
Coahuilla_2,Cpos
Cocci_1400035797,Cpos
COCPO_103715,Cpos
COCPO_103716,Cpos
COCPO_103717,Cpos
COCPO_103718,Cpos
COCPO_103720,Cpos
COCPO_103721,Cpos
COCPO_103744,Cpos
COCPO_103745,Cpos
COCPO_103827,Cpos
COCPO_114029,Cpos
COCPO_114072,Cpos
COCPO_175712,Cpos
COCPO_175714,Cpos
COCPO_175715,Cpos
COCPO_175716,Cpos
COCPO_185672,Cpos
COCPO_195880,Cpos
COCPO_195881,Cpos
COCPO_195884,Cpos
COCPO_34698,Cpos
COCPO_4545,Cpos
COCPO_Galgiani,Cpos
COCSP-3478,Cpos
COCSP_8725,Cpos
Colorado_Springs_1,Cpos
EMS,Cpos
FMC233,Cpos
FMC234,Cpos
FMC235,Cpos
FMC449,Cpos
FMC588,Cpos
FMC718,Cpos
FMC778,Cpos
GT-002,Cpos
GT-017,Cpos
GT-101,Cpos
GT-102,Cpos
GT-103,Cpos
GT-106,Cpos
GT-110,Cpos
GT-115,Cpos
GT-120,Cpos
GT-124,Cpos
GT-130,Cpos
GT-131,Cpos
GT-134,Cpos
GT-136,Cpos
GT-139,Cpos
GT-141,Cpos
GT-142,Cpos
GT-143,Cpos
GT-144,Cpos
GT-145,Cpos
GT-148,Cpos
GT-149,Cpos
GT-150,Cpos
GT-151,Cpos
GT-153,Cpos
GT-154,Cpos
GT-155,Cpos
GT-157,Cpos
GT-158,Cpos
GT-159,Cpos
GT-160,Cpos
GT-161,Cpos
GT-162,Cpos
GT-164,Cpos
GT-165,Cpos
GT-166,Cpos
GT-168,Cpos
GT-171,Cpos
IL1,Cpos
J_TORRES,Cpos
KJH004,Cpos
M158,Cpos
M191,Cpos
M192,Cpos
M195,Cpos
M196,Cpos
M197,Cpos
M198,Cpos
M199,Cpos
M200,Cpos
M201,Cpos
M205,Cpos
M206,Cpos
M207,Cpos
M208,Cpos
M211,Cpos
M213,Cpos
M214,Cpos
M215,Cpos
M216,Cpos
M219,Cpos
M220,Cpos
M221,Cpos
M222,Cpos
M223,Cpos
Michoacan_1,Cpos
MJS,Cpos
NACVFR_2566,Cpos
NACVFR_4542,Cpos
NM_0071,Cpos
NM_0317,Cpos
NM_0369,Cpos
NM_3006,Cpos
NM_3957,Cpos
NM_4233,Cpos
NM_4297,Cpos
NM_459,Cpos
NM_4708,Cpos
NM_5945,Cpos
NM_9837,Cpos
NM_9861,Cpos
Nuevo_Leon_1,Cpos
Nuevo_Leon_2,Cpos
Phoenix_1,Cpos
Phoenix_2,Cpos
Phoenix_3,Cpos
Phoenix_4,Cpos
Phoenix_5,Cpos
Phoenix_6,Cpos
Phoenix_7,Cpos
Phoenix_8,Cpos
Phoenix_9,Cpos
S_670,Cpos
S_671,Cpos
S_672,Cpos
S_673,Cpos
S_674,Cpos
S_675,Cpos
S_676,Cpos
S_739,Cpos
S_740,Cpos
S_741,Cpos
S_742,Cpos
SA12,Cpos
SA14,Cpos
SA2,Cpos
San_Antonio_1,Cpos
SDVA10,Cpos
SDVA14,Cpos
SDVA16,Cpos
SDVA20,Cpos
SDVA25,Cpos
SDVA26,Cpos
SDVA27,Cpos
SDVA42,Cpos
SDVA45,Cpos
SDVA47,Cpos
SDVA7,Cpos
SDVA8,Cpos
SOIL_407-0_L_OLD_CPA0001,Cpos
SOIL_485B-0_L_OLD_CPA0020,Cpos
SOIL_573-2_L_NEW_CPA0035,Cpos
SOIL_574-2_L_NEW_CPA0042,Cpos
SOIL_574-4_S_NEW_CPA0047,Cpos
SOIL_578-1_A_NEW_CPA0048,Cpos
SOIL_580-1_L_NEW_CPA0055,Cpos
SOIL_580-2_L_NEW_CPA0060,Cpos
SOIL_580-2_S_NEW_CPA0061,Cpos
SOIL_580-4_L_NEW_CPA0062,Cpos
SOIL_582-1_S_NEW_CPA0065,Cpos
SOIL_604-1_L_OLD_CPA066,Cpos
Sonora_1,Cpos
Sonora_2,Cpos
Tucson_10,Cpos
Tucson_11,Cpos
Tucson_12,Cpos
Tucson_13,Cpos
Tucson_14,Cpos
Tucson_15,Cpos
Tucson_16,Cpos
Tucson_17,Cpos
Tucson_18,Cpos
Tucson_19,Cpos
Tucson_20,Cpos
Tucson_21,Cpos
Tucson_22,Cpos
Tucson_23,Cpos
Tucson_24,Cpos
Tucson_3,Cpos
Tucson_4,Cpos
Tucson_5,Cpos
Tucson_6,Cpos
Tucson_7,Cpos
Tucson_8,Cpos
Tucson_9,Cpos
TX10,Cpos
TX11,Cpos
TX12,Cpos
TX14,Cpos
TX17,Cpos
TX2,Cpos
TX3,Cpos
TX4,Cpos
TX5,Cpos
TX6,Cpos
TX7,Cpos
TX8,Cpos
TX9,Cpos
UTAH_31331,Cpos
UTAH_350355,Cpos
UTAH_9443,Cpos
UTAH_9737,Cpos
VFC054_7SA,Cpos
VFC083,Cpos
VFC084_CPA0067,Cpos
VFC085_CPA0068,Cpos
VFC087,Cpos
VFC088,Cpos
VFC090,Cpos
VFC091,Cpos
VFC092,Cpos
VFC093,Cpos
WA31,Cpos
B3391,Cpos
B3375,Cpos
UCSF_5AZ,Cpos
B3440,Cpos
B3439,Cpos
B3420,Cpos
B3417,Cpos
B3413,Cpos
B3411,Cpos
B3409,Cpos
B3457,Cpos
B3453,Cpos
B3482,Cpos
B3491,Cpos
B3224,Cpos
B3276,Cpos
B3203,Cpos
BFF340,Cpos
UCSF_Cp_Silveira,Cpos
B3246,Cpos
B3245,Cpos
B3244,Cpos
B3242,Cpos
B3228,Cpos
B3213,Cpos
B3215,Cpos
UCSF_10AZ,Cpos
B3220,Cpos
B3359,Cpos
B3358,Cpos
UCSF_Tucson_16,Cpos
UCSF_Tucson_15,Cpos
B3269,Cpos
UCSF_Tucson_13,Cpos
UCSF_Tucson_12,Cpos
B3256,Cpos
UCSF_Tucson_11,Cpos
B3251,Cpos
UCSF_3490AZ,Cpos
UCSF_Tucson_9,Cpos
B3315,Cpos
B3314,Cpos
B3313,Cpos
B3290,Cpos
B3310,Cpos
UCSF_Tucson_20,Cpos
B3353,Cpos
B3352,Cpos
B3348,Cpos
B3347,Cpos
B3345,Cpos
B3344,Cpos
B3341,Cpos
UCSF_9AZ,Cpos
B3335,Cpos
B3382,Cpos
B3374,Cpos
B3368,Cpos
B3227,Cpos
B3326,Cpos
B3398,Cpos
B3395,Cpos
B3301,Cpos
UCSF_Tucson_19,Cpos
UCSF_Tucson_18,Cpos
B3489,Cpos
B3292,Cpos
B3291,Cpos
UCSF_Tucson_17,Cpos
B3286,Cpos
B3284,Cpos
B3236,Cpos
B3226,Cpos
UCSF_Tucson_2,Cpos
B3222,Cpos
B3221,Cpos
B3492,Cpos
B3476,Cpos
