SampleID	CONTIG_COUNT	TOTAL_LENGTH	MIN	MAX	MEDIAN	MEAN	L50	N50	L90	N90	GC%	T2T_SCAFFOLDS	TELOMERE_FWD	TELOMERE_REV	BUSCO_Complete	BUSCO_Single	BUSCO_Duplicate	BUSCO_Fragmented	BUSCO_Missing	BUSCO_NumGenes	Total_Reads	Mapped_reads	Average_Coverage
1M0.AAFTF	1943	27476767	500	147966	6073	14141.41	255	32637	917	6771	46.47	NA	4	10	95.9	95.9	0.0	1.5	2.6	1706	6921978	6012482	27.6
21SD.AAFTF	1118	28201677	500	226045	11643	25225.11	151	59044	518	14668	46.27	NA	6	1	96.5	96.5	0.0	1.1	2.3	1706	20027506	18034554	80.6
3M3.AAFTF	1298	27584326	503	207688	9635	21251.41	174	48005	606	11810	46.41	NA	4	6	96.5	96.5	0.0	1.2	2.3	1706	15321830	13965568	63.8
407-0_S_OLD_CPA0002.AAFTF	564	27979740	500	581429	9257	49609.47	51	170195	180	36466	46.19	NA	1	3	96.3	96.3	0.0	0.6	3.0	1706	20830152	17853788	80.4
407-1_S_OLD_CPA0004.AAFTF	528	28234560	500	874063	12849	53474.55	48	189216	181	37237	46.23	NA	2	1	97.7	97.7	0.0	0.6	1.7	1706	14533784	13120714	58.6
409B-0_L_OLD_CPA0011.AAFTF	3462	30138480	500	343334	1273	8705.51	171	43669	1037	4431	45.41	NA	14	11	94.2	94.0	0.2	3.0	2.8	1706	22733462	20085205	84.0
409B-0_S_OLD_CPA0012.AAFTF	1210	28626337	500	552997	1773	23658.13	58	145813	241	21069	46.04	NA	3	2	97.3	97.2	0.1	0.8	1.9	1706	20900174	16437641	72.4
4545-MICE.AAFTF	623	27944153	510	428294	18523	44854.18	77	105727	269	26760	46.28	NA	2	NA	93.2	93.1	0.1	0.9	5.9	1706	53740800	46675851	210.5
485B-0_S_OLD_CPA0021.AAFTF	524	27543885	502	640282	10026	52564.67	48	177431	171	37903	46.45	NA	3	2	97.3	97.3	0.0	0.8	1.9	1706	23297930	20212385	92.5
485B-4_S_NEW_CPA0029.AAFTF	572	27616348	500	596138	15118	48280.33	55	143228	205	35384	46.41	NA	3	1	97.4	97.4	0.0	0.8	1.8	1706	31924100	28136806	128.4
4M3.AAFTF	1670	27605063	500	226149	7049	16529.98	220	39760	776	8550	46.43	NA	2	5	96.3	96.3	0.0	1.4	2.3	1706	9573016	9041099	41.3
4SD.AAFTF	1358	27072088	500	341152	4100	19935.26	110	70037	447	11302	46.64	NA	6	3	97.2	97.2	0.0	0.9	1.9	1706	8902712	3001859	14.0
573-1_L_NEW_CPA0031.AAFTF	504	27672989	501	648850	17683	54906.72	51	167328	188	34912	46.50	NA	NA	2	97.4	97.4	0.0	0.8	1.8	1706	31598548	27032388	123.1
573-1_S_NEW_CPA0033.AAFTF	518	27609340	502	645053	14413	53299.88	53	163147	180	34265	46.51	NA	1	2	97.3	97.3	0.0	0.9	1.8	1706	15612704	13344606	60.9
574-0_L_OLD_CPA0038.AAFTF	514	27562097	500	803774	12043	53622.76	47	179386	165	38435	46.40	NA	2	3	97.7	97.7	0.0	0.8	1.5	1706	28448672	24891651	113.8
574-0_S_OLD_CPA0039.AAFTF	505	27438819	500	620042	14987	54334.30	45	174079	174	35858	46.44	NA	1	1	97.4	97.4	0.0	0.9	1.7	1706	17065544	15833881	72.7
574-1_L_NEW_CPA0040.AAFTF	471	27641230	500	425294	28501	58686.26	66	140568	216	34486	46.46	NA	4	2	97.1	97.1	0.0	0.8	2.1	1706	41296630	31483794	143.5
578-1_A_NEW_CPA0048.AAFTF	473	27043313	500	626185	11705	57174.02	43	191851	155	41735	46.53	NA	2	1	96.9	96.9	0.0	0.6	2.5	1706	17012912	15304266	71.3
578-1_L_NEW_CPA0049.AAFTF	560	27324141	500	593648	10952	48793.11	50	165662	179	33905	46.52	NA	1	2	97.6	97.6	0.0	0.8	1.6	1706	16142240	14464113	66.7
578-1_L_NEW_CPA0049_alt.AAFTF	464	27676834	500	786072	20327	59648.35	50	173228	182	35098	46.50	NA	1	2	97.4	97.4	0.0	0.9	1.7	1706	22717338	13167503	59.9
582-1_L_NEW_CPA0064.AAFTF	422	27321836	500	832590	28473	64743.69	55	159556	188	37723	46.47	NA	1	1	97.4	97.4	0.0	0.8	1.8	1706	52986984	44265081	204.1
5SD.AAFTF	1096	27914942	503	327749	12674	25469.84	153	55297	524	13792	46.35	NA	6	3	96.2	96.2	0.1	1.3	2.5	1706	23572452	17500184	79.0
730332_Guatemala.AAFTF	2215	28782010	503	186411	5700	12994.14	292	28581	1074	6160	46.36	NA	5	4	96.1	96.1	0.0	1.8	2.1	1706	3176280	2979571	31.2
730333_Guatemala.AAFTF	2292	28780861	501	197099	5809	12557.09	308	27511	1132	5927	46.35	NA	8	5	95.8	95.8	0.0	2.1	2.1	1706	2930262	2650428	27.7
730334_Guatemala.AAFTF	1752	27328390	500	236615	6946	15598.40	232	34257	855	7230	46.49	NA	4	4	96.2	96.2	0.0	1.6	2.1	1706	4099560	3591777	39.6
A391.AAFTF	789	27171559	502	332742	15883	34437.97	106	78927	361	19397	46.54	NA	1	6	96.8	96.8	0.0	1.1	2.1	1706	6285178	5561788	51.4
A432.AAFTF	739	27194235	560	345138	16688	36798.69	101	83748	336	20719	46.54	NA	2	4	96.5	96.5	0.0	1.2	2.3	1706	6727508	5744703	53.0
A502-1.AAFTF	729	27184837	507	332750	16593	37290.59	98	86488	326	21513	46.56	NA	3	3	96.7	96.7	0.0	1.1	2.2	1706	5406334	4719084	43.6
A502-2.AAFTF	739	27096400	506	384897	16680	36666.31	97	81871	334	20994	46.54	NA	5	NA	96.2	96.2	0.0	1.1	2.6	1706	7445902	6620321	61.3
B0727_Argentina.AAFTF	1606	27840373	500	406785	8030	17335.23	196	39643	773	8530	46.33	NA	5	6	96.0	96.0	0.0	1.5	2.5	1706	3980360	3153376	34.1
B0858-Guatemala.AAFTF	1813	28976806	502	216509	7144	15982.79	234	36218	858	8143	46.35	NA	3	5	96.5	96.5	0.1	1.5	2.0	1706	5976910	4982700	51.8
B10757_Nevada.AAFTF	1523	27985983	500	377865	8707	18375.56	188	39543	734	9323	46.27	NA	4	3	96.4	96.4	0.0	1.5	2.2	1706	4687976	4153939	44.7
B10813_Texas.AAFTF	1228	27255890	511	308401	10425	22195.35	155	47781	587	11297	46.63	NA	4	2	96.9	96.9	0.0	1.1	2.1	1706	8258258	7516228	83.0
B10917.AAFTF	1482	28090780	500	270501	9059	18954.64	188	41446	721	9546	46.24	NA	5	5	96.5	96.5	0.0	1.5	1.9	1706	5343162	4644795	49.8
B10918.AAFTF	1381	27061736	509	406970	9511	19595.75	185	41123	672	9969	46.59	NA	5	4	96.7	96.7	0.0	1.3	2.1	1706	6845922	6213222	69.1
B10919.AAFTF	1770	28426363	500	318469	5570	16060.09	189	40062	743	8816	45.99	NA	5	2	96.4	96.2	0.2	1.3	2.3	1706	7724362	5218358	55.3
B11019.AAFTF	688	27559887	505	613823	16791	40057.98	82	94592	296	24886	46.60	NA	4	4	96.5	96.5	0.0	1.0	2.5	1706	24379636	21475422	195.6
B11034.AAFTF	482	27056221	518	604517	27545	56133.24	65	128258	218	36342	46.50	NA	4	4	96.3	96.3	0.0	0.9	2.8	1706	26562238	23126217	214.5
B11035.AAFTF	700	27355445	505	336065	18493	39079.21	93	85491	314	23262	46.40	NA	1	2	95.6	95.6	0.0	1.2	3.2	1706	12920908	11553709	106.0
B11036.AAFTF	543	26945274	518	399136	23104	49622.97	75	115100	256	26969	46.45	NA	1	4	96.1	96.1	0.0	0.9	3.0	1706	15558092	13252885	123.5
B11057.AAFTF	731	27715189	500	470429	17007	37914.08	94	88160	328	22819	46.40	NA	4	2	96.8	96.8	0.0	1.2	2.1	1706	11736660	10696966	96.9
B11058.AAFTF	1889	27333764	500	145128	6977	14469.97	270	30646	959	6762	46.55	NA	6	4	96.2	96.2	0.0	1.6	2.2	1706	4566290	4049997	44.6
B11080.AAFTF	1538	27466322	504	292969	8780	17858.47	210	38422	755	9144	46.38	NA	2	4	95.3	95.3	0.0	1.5	3.2	1706	4486078	4103642	45.0
B11198.AAFTF	520	28024399	501	443103	28439	53893.07	67	129129	230	36199	46.30	NA	2	NA	97.1	97.0	0.1	0.9	2.0	1706	18977658	16704265	149.6
B11199.AAFTF	777	27563518	519	509477	19867	35474.28	114	69610	386	20053	46.48	NA	NA	2	97.2	97.2	0.0	1.0	1.8	1706	14931248	12269559	96.8
B11232.AAFTF	1180	27382394	502	328796	11161	23205.42	153	48627	561	12324	46.51	NA	5	NA	97.1	97.1	0.0	0.9	2.0	1706	8384882	7136327	56.6
B11299.AAFTF	517	27572602	518	534222	27926	53331.92	68	114513	248	30502	46.29	NA	2	3	96.7	96.7	0.0	1.1	2.2	1706	11385950	9658527	87.9
B11300.AAFTF	521	27184895	503	867958	25207	52178.30	66	126376	238	31061	46.47	NA	1	5	96.0	96.0	0.0	1.0	3.0	1706	11770550	10158928	93.8
B11343.AAFTF	1396	28290980	507	387405	9403	20265.74	180	42893	667	10349	46.13	NA	5	2	96.0	96.0	0.0	1.5	2.5	1706	7576712	6629801	70.5
B11400.AAFTF	1702	27629822	510	406309	6830	16233.74	210	37850	775	8860	46.40	NA	1	4	96.4	96.4	0.0	1.6	2.1	1706	7453942	6436250	70.1
B11517.AAFTF	434	27696805	500	525858	36197	63817.52	65	136405	210	39014	46.30	NA	4	1	96.1	96.1	0.0	1.0	2.9	1706	24207752	21623156	196.0
B11518.AAFTF	1650	28131860	505	276374	7653	17049.61	213	38987	787	8411	46.36	NA	6	3	95.8	95.8	0.0	1.5	2.7	1706	20853760	6966480	74.5
B11587.AAFTF	1271	27925576	510	479527	9989	21971.34	159	46929	607	11069	46.29	NA	4	5	96.4	96.4	0.0	1.3	2.3	1706	7010654	5650126	60.9
B11863.AAFTF	1887	31118909	502	374000	5897	16491.21	198	40795	814	8419	48.57	NA	4	5	95.8	95.8	0.1	1.5	2.7	1706	6373134	5630061	54.5
B11871.AAFTF	526	27334726	504	578622	26546	51967.16	70	115030	245	30456	46.38	NA	2	1	97.1	97.1	0.0	0.9	2.1	1706	14518838	11960343	109.8
B11872.AAFTF	466	27402636	503	575922	31104	58803.94	68	130150	223	33917	46.49	NA	3	3	97.4	97.4	0.0	0.9	1.7	1706	14533078	12589737	115.3
B11873.AAFTF	801	27335154	526	405127	13524	34126.28	100	75049	352	19647	46.54	NA	2	4	96.7	96.6	0.1	1.2	2.1	1706	4507604	4042185	37.1
B11877.AAFTF	469	27194485	520	520952	26754	57983.98	58	138416	206	32955	46.54	NA	3	2	97.1	97.1	0.0	0.9	2.1	1706	11612756	10156074	93.7
B12202.AAFTF	481	27499385	520	447318	28722	57171.28	66	125052	228	31510	46.43	NA	2	2	97.4	97.4	0.0	0.8	1.8	1706	12425860	10589808	96.7
B12216.AAFTF	636	26918210	504	459569	21360	42324.23	83	100924	290	24888	46.37	NA	1	NA	95.7	95.7	0.0	0.7	3.6	1706	15688756	13185952	123.0
B12218.AAFTF	576	27584994	503	432528	22266	47890.61	74	110124	260	29482	46.45	NA	2	3	96.0	96.0	0.0	1.0	3.0	1706	12081538	9915625	90.2
B12219.AAFTF	441	28412956	501	471552	33697	64428.47	65	131813	208	39046	46.29	NA	2	2	97.1	97.1	0.1	0.9	2.0	1706	13494182	12174227	107.5
B12220.AAFTF	463	27609688	520	763226	28397	59632.16	61	133622	215	35405	46.29	NA	4	2	96.7	96.7	0.1	1.0	2.3	1706	14498422	12192658	110.8
B12226.AAFTF	586	28269653	515	339685	24279	48241.73	82	117595	270	27421	46.19	NA	2	3	97.4	97.4	0.0	0.8	1.8	1706	13172806	10949790	97.2
B12397.AAFTF	509	27340908	511	525313	26192	53714.95	66	120699	238	31133	46.43	NA	3	3	97.2	97.2	0.0	0.9	1.9	1706	11450162	9857208	90.5
B12398.AAFTF	1724	27047846	503	260830	6060	15689.01	201	39431	786	7489	46.57	NA	3	6	95.1	95.1	0.0	1.9	3.0	1706	4210762	3881355	36.0
B12399.AAFTF	433	26685554	506	475070	31235	61629.45	62	139117	205	36683	46.64	NA	5	2	97.0	97.0	0.0	0.9	2.2	1706	16475130	13328592	125.4
B12400.AAFTF	453	27197074	500	625339	29859	60037.69	63	128272	210	35670	46.51	NA	2	NA	97.0	97.0	0.0	0.8	2.2	1706	14515352	12594143	116.2
B12402.AAFTF	779	28003918	501	518294	15806	35948.55	93	84973	336	22822	46.33	NA	2	5	97.2	97.2	0.0	0.8	1.9	1706	5764806	4664477	41.8
B12471.AAFTF	510	27589337	508	383463	28712	54096.74	71	120247	235	34496	46.49	NA	6	1	97.0	96.9	0.1	0.9	2.2	1706	13057514	11197571	101.9
B12475.AAFTF	550	27378030	500	526732	26878	49778.24	77	102656	276	26753	46.34	NA	2	2	96.7	96.7	0.1	0.6	2.6	1706	15575186	13305891	122.0
B12495.AAFTF	306	26907707	515	508160	48824	87933.68	48	182245	149	51131	46.51	NA	5	NA	95.3	95.2	0.1	1.1	3.7	1706	12011790	9644965	90.0
B12496.AAFTF	342	26867687	509	609272	36596	78560.49	42	190083	154	44583	46.34	NA	5	4	94.4	94.3	0.1	1.0	4.6	1706	14324712	12409752	115.9
B12498.AAFTF	515	26769040	520	674875	25562	51978.72	67	122245	239	28272	46.47	NA	2	1	95.5	95.5	0.0	0.9	3.6	1706	12325104	10721589	100.5
B1249_Guatemala.AAFTF	1720	28626221	500	193828	8265	16643.15	235	35950	829	8972	46.38	NA	3	6	96.5	96.5	0.0	1.5	1.9	1706	5811272	4758051	50.0
B12526.AAFTF	366	28230234	501	570087	42891	77131.79	54	166890	175	45855	46.28	NA	1	1	97.1	97.0	0.1	1.0	1.9	1706	12608984	10912112	97.0
B12527.AAFTF	532	27182201	506	491900	29097	51094.36	76	102015	258	30801	46.40	NA	3	5	95.3	95.3	0.0	0.9	3.8	1706	15352624	12580779	116.2
B13534.AAFTF	555	27147445	517	452058	23241	48914.32	78	103171	262	26004	46.50	NA	3	2	97.2	97.2	0.0	0.9	1.9	1706	14887894	12963854	119.9
B13535.AAFTF	542	27479185	504	529030	23716	50699.60	67	120247	239	33245	46.51	NA	5	2	97.3	97.3	0.0	0.9	1.8	1706	10896824	9245577	84.5
B13956.AAFTF	420	27150589	513	571043	34768	64644.26	64	136235	197	41638	46.52	NA	4	2	96.5	96.5	0.0	0.9	2.6	1706	15776954	13416316	124.0
B13981.AAFTF	604	27520060	506	529736	24218	45563.01	83	94522	294	24969	46.35	NA	2	2	96.5	96.5	0.0	1.1	2.5	1706	11280372	10038292	91.6
B14104.AAFTF	388	27154225	517	576175	42491	69985.12	55	151341	187	45465	46.54	NA	NA	3	97.0	97.0	0.0	0.8	2.2	1706	16489216	13578673	125.5
B14130.AAFTF	514	27181179	520	575345	26799	52881.67	66	117648	239	30410	46.30	NA	1	2	94.7	94.7	0.0	1.0	4.3	1706	16639348	13511077	124.8
B14131.AAFTF	462	27686948	503	612268	29998	59928.46	57	141290	204	39050	46.31	NA	6	1	96.5	96.5	0.0	1.2	2.2	1706	13727328	12030758	109.1
B14132.AAFTF	413	27358250	511	465172	36719	66242.74	60	134995	200	39417	46.52	NA	2	1	97.0	96.9	0.1	0.9	2.1	1706	17181028	15678292	143.8
B14133.AAFTF	512	27392395	507	441756	30032	53500.77	78	105767	250	31968	46.51	NA	2	2	97.1	97.1	0.1	0.8	2.1	1706	18662544	17224569	157.8
B14134.AAFTF	501	27821142	500	565007	29444	55531.22	70	115791	238	33761	46.44	1	8	4	96.9	96.9	0.0	1.1	2.1	1706	15410242	13492759	121.7
B14135.AAFTF	402	28018283	513	498924	36884	69697.22	61	152029	192	39789	46.22	NA	3	3	97.1	97.0	0.1	0.9	2.0	1706	18354638	16555877	148.3
B14286.AAFTF	648	28176907	512	399270	21421	43482.88	89	96951	300	25773	46.50	NA	4	NA	96.7	96.7	0.0	0.9	2.5	1706	9378050	8373509	74.6
B14288.AAFTF	518	27652756	524	558546	28761	53383.70	70	117633	252	29596	46.35	NA	4	1	96.6	96.6	0.0	1.1	2.3	1706	10087002	8823087	80.1
B14291.AAFTF	1022	27886969	503	377044	10885	27286.66	109	71856	430	16334	46.23	NA	3	2	96.8	96.8	0.0	1.1	2.1	1706	4959086	4242727	38.2
B14292.AAFTF	757	27929600	501	478700	17024	36895.11	95	89681	347	21469	46.24	NA	2	2	97.4	97.4	0.0	1.0	1.6	1706	10155616	8995268	80.8
B14298.AAFTF	539	27398305	500	465507	26226	50831.73	77	123980	249	30249	46.36	NA	3	6	96.1	96.1	0.0	0.8	3.2	1706	11121782	10144011	92.9
B15142.AAFTF	471	27164833	520	512080	29332	57674.80	59	138096	220	32000	46.44	NA	3	2	95.8	95.7	0.1	1.0	3.2	1706	10017434	9165410	84.7
B15145.AAFTF	492	27681411	513	557351	24917	56263.03	62	135806	213	33390	46.26	NA	3	2	95.2	95.2	0.0	0.9	3.9	1706	12837290	11526128	104.5
B15146.AAFTF	569	27857439	500	596864	23408	48958.59	72	117834	256	30807	46.45	NA	2	2	97.1	97.1	0.0	0.9	2.1	1706	11389062	10419370	93.9
B15257.AAFTF	387	27742533	509	711275	30920	71686.13	49	174446	168	43160	46.31	NA	5	2	96.6	96.5	0.1	0.9	2.5	1706	8168326	7267199	65.7
B15317.AAFTF	1000	27315778	518	396335	9902	27315.78	114	72762	406	17091	46.54	NA	8	2	96.4	96.4	0.0	1.1	2.5	1706	2827476	2500672	23.0
B15368.AAFTF	439	27626656	501	673121	31996	62930.88	60	142438	204	39415	46.41	NA	1	2	97.0	97.0	0.1	1.0	2.0	1706	14736876	13092750	119.0
B15369.AAFTF	511	27439121	502	448879	27744	53696.91	71	117854	245	30891	46.51	1	4	4	97.2	97.2	0.0	0.9	1.9	1706	11534030	10267136	93.9
B16293.AAFTF	438	27312004	500	496363	31863	62356.17	63	136538	211	33612	46.48	NA	2	1	96.5	96.5	0.0	0.9	2.6	1706	12907500	10989241	101.0
B16294.AAFTF	649	27442191	500	511895	17692	42283.81	74	104731	276	27131	46.47	NA	5	2	97.4	97.4	0.0	0.8	1.8	1706	10562782	9348369	85.5
B16338.AAFTF	400	27013055	501	538037	35711	67532.64	54	149046	188	40004	46.49	NA	2	NA	95.0	95.0	0.0	0.8	4.2	1706	10397476	8589128	79.8
B16339.AAFTF	393	27771743	501	527211	34501	70666.01	58	144776	180	42987	46.34	NA	2	1	96.7	96.7	0.0	0.8	2.5	1706	15102750	13007278	117.6
B16364.AAFTF	415	27586040	505	860895	33831	66472.39	56	157612	191	41321	46.34	NA	1	4	96.5	96.5	0.0	0.9	2.6	1706	11123536	10037314	91.3
B16531.AAFTF	701	27817095	505	442209	17340	39682.02	84	99214	310	22532	46.22	NA	2	2	96.7	96.7	0.0	0.8	2.5	1706	13230556	11824754	106.7
B16536.AAFTF	2119	27058221	510	251526	2803	12769.34	181	44136	730	6975	47.33	NA	7	2	96.8	96.8	0.0	0.8	2.4	1706	14068932	12437900	115.4
B16692.AAFTF	795	27744158	503	469410	16166	34898.31	103	80486	361	19556	46.61	NA	5	4	96.3	96.3	0.0	1.2	2.5	1706	14776724	13319020	120.5
B16712.AAFTF	499	27005243	508	525556	27845	54118.72	66	112337	238	30205	46.31	NA	2	1	95.0	95.0	0.1	1.3	3.6	1706	12001830	10366717	96.4
B17554.AAFTF	1338	28911957	503	382610	7274	21608.34	148	58001	541	12675	46.17	1	5	5	96.8	96.7	0.1	1.2	2.0	1706	13371308	11596833	100.7
B17567.AAFTF	1285	28092677	509	292095	8031	21862.01	158	56286	526	13625	46.34	NA	3	4	96.4	96.2	0.1	1.3	2.3	1706	10666908	9553746	85.4
B17635.AAFTF	1018	27978913	513	335205	11500	27484.20	129	64382	447	15869	46.31	NA	6	NA	96.2	96.2	0.0	1.1	2.6	1706	9816078	8925922	80.1
B3203.AAFTF	290	27750769	501	866932	38231	95692.31	37	236555	117	72055	46.52	NA	NA	2	97.5	96.2	1.3	0.7	1.8	1706	16527600	15640890	85.1
B3213.AAFTF	255	27668928	502	1196530	41702	108505.60	27	304123	101	67077	46.50	NA	5	NA	97.7	97.7	0.0	0.6	1.7	1706	17476756	16497875	90.0
B3215.AAFTF	282	27809852	500	840296	38968	98616.50	33	256390	110	79969	46.43	NA	2	3	97.5	97.5	0.0	0.7	1.8	1706	19940904	19093254	103.7
B3220.AAFTF	231	26641951	514	1322896	27217	115333.12	22	390922	78	83176	46.51	NA	NA	4	95.5	95.5	0.0	0.8	3.7	1706	17704690	16442236	93.2
B3221.AAFTF	295	26621885	501	758315	35184	90243.68	38	222576	120	58754	46.53	NA	1	7	95.8	95.8	0.0	0.7	3.5	1706	19485098	17902515	101.5
B3222.AAFTF	231	27177397	510	1215107	39864	117651.07	27	315273	87	89639	46.54	NA	1	3	96.8	96.8	0.0	0.6	2.5	1706	18838290	17737692	98.6
B3224.AAFTF	300	26146392	500	556657	40737	87154.64	40	206308	131	53289	46.41	NA	2	2	92.6	92.5	0.1	0.9	6.6	1706	17111848	15733543	90.9
B3226.AAFTF	226	27637545	500	845470	35443	122290.02	27	335951	83	88582	46.42	NA	1	2	97.7	97.7	0.0	0.7	1.6	1706	20571514	19370628	105.8
B3227.AAFTF	292	28046451	501	940321	35921	96049.49	33	257884	117	62836	46.38	NA	3	2	97.5	96.8	0.6	0.9	1.6	1706	18405774	17411846	93.7
B3228.AAFTF	250	27741842	509	807008	18754	110967.37	27	333938	83	106505	46.37	NA	NA	NA	97.5	97.5	0.0	0.8	1.7	1706	18896160	17942413	97.7
B3236.AAFTF	261	27753506	500	884085	45911	106335.27	35	252319	111	73418	46.37	NA	4	2	97.7	97.7	0.0	0.7	1.6	1706	16637654	15871461	86.4
B3242.AAFTF	234	27555879	519	1073955	53902	117760.17	30	290170	99	81823	46.43	NA	2	4	97.6	97.6	0.0	0.7	1.7	1706	19617672	18452696	101.1
B3244.AAFTF	231	27426501	518	1061459	31802	118729.44	26	345326	83	96070	46.39	NA	1	2	97.4	97.4	0.0	0.7	1.9	1706	18437140	17283500	95.2
B3245.AAFTF	215	27392663	500	1062794	20624	127407.73	21	434743	70	106128	46.43	NA	2	1	97.1	97.1	0.0	0.8	2.1	1706	20603456	19329572	106.6
B3246.AAFTF	217	28441075	502	918027	66126	131064.86	31	286053	96	85751	46.20	NA	2	2	97.5	97.5	0.0	0.6	1.8	1706	20178710	19187844	101.9
B3251.AAFTF	1100	26733566	500	388063	3918	24303.24	77	105209	314	15600	47.01	NA	NA	5	94.8	94.8	0.0	0.6	4.6	1706	15285766	14681290	82.9
B3256.AAFTF	335	26625942	507	609061	20145	79480.42	38	232590	120	59659	46.59	NA	2	NA	93.3	93.3	0.0	0.6	6.0	1706	19649624	18317159	103.9
B3269.AAFTF	456	27394016	502	609840	18178	60074.60	43	188018	163	40870	46.78	1	1	3	97.3	97.3	0.0	0.8	1.9	1706	18423198	17666577	97.4
B3276.AAFTF	267	27285804	520	1207711	31993	102194.02	29	269559	99	73944	46.43	NA	1	1	97.5	97.5	0.0	0.8	1.8	1706	49845084	43770647	162.0
B3284.AAFTF	355	27649857	501	820798	36829	77886.92	46	186349	152	52516	46.41	NA	4	2	97.4	97.4	0.0	0.6	2.0	1706	15290158	13835195	75.6
B3286.AAFTF	295	27462169	506	802423	46958	93092.10	38	199036	133	60404	46.32	NA	4	3	96.2	96.2	0.0	0.9	2.8	1706	17559222	16409013	90.2
B3290.AAFTF	355	28239574	502	980799	24332	79548.10	34	213709	126	52859	46.29	NA	1	2	97.2	97.2	0.0	0.8	2.1	1706	17692282	16874654	90.2
B3291.AAFTF	300	26755514	501	926112	35444	89185.05	38	220582	124	64102	46.34	NA	NA	2	93.6	93.6	0.1	0.9	5.5	1706	18009394	16376814	92.4
B3292.AAFTF	336	27487188	515	765133	45241	81807.11	46	195933	148	55064	46.44	NA	2	2	97.2	97.2	0.0	0.8	2.0	1706	18665142	17054584	93.7
B3301.AAFTF	343	27028839	503	754886	27832	78801.28	37	207289	135	51411	46.44	NA	NA	3	96.3	96.3	0.0	0.9	2.8	1706	15847296	14934969	83.4
B3310.AAFTF	456	27487604	501	839907	8340	60279.83	41	219543	134	50473	46.43	NA	2	1	96.9	96.9	0.0	0.8	2.3	1706	19290526	18635615	102.4
B3313.AAFTF	334	27401122	514	721988	39988	82039.29	48	188825	152	47950	46.41	NA	1	3	96.4	96.4	0.0	0.6	3.0	1706	13863108	13131798	72.4
B3314.AAFTF	245	27876122	506	739407	42569	113780.09	30	294582	97	76967	46.37	NA	1	3	97.5	97.5	0.0	0.7	1.8	1706	23057926	22278091	120.7
B3315.AAFTF	457	27879917	502	856280	18466	61006.38	50	174900	174	42368	46.28	NA	6	2	96.8	96.8	0.0	0.8	2.3	1706	16247188	15595594	84.5
B3326.AAFTF	310	27203081	502	790265	27748	87751.87	36	239623	116	73333	46.44	NA	1	1	96.0	96.0	0.0	0.7	3.3	1706	19237952	18123111	100.6
B3335.AAFTF	638	27644158	500	745904	3744	43329.40	42	203472	158	40604	46.54	NA	4	5	97.7	97.7	0.0	0.6	1.7	1706	18148912	17643691	96.4
B3341.AAFTF	241	27724020	500	1239785	39331	115037.43	27	334953	91	82215	46.34	NA	3	1	97.1	97.0	0.1	0.7	2.2	1706	17916908	16618555	90.5
B3344.AAFTF	294	28137463	505	800529	37208	95705.66	35	237885	119	66678	46.17	NA	2	3	96.0	96.0	0.0	1.0	3.0	1706	16963384	16018752	86.0
B3345.AAFTF	229	27328475	513	1471380	34673	119338.32	26	324683	83	85243	46.49	NA	2	NA	97.7	97.7	0.0	0.6	1.7	1706	18028688	17034592	94.1
B3347.AAFTF	585	26029769	500	628767	4199	44495.33	35	210836	140	38009	47.10	NA	1	2	95.7	95.7	0.0	0.8	3.5	1706	25622296	24989159	145.0
B3348.AAFTF	464	26784919	500	691401	4517	57726.12	35	250427	118	54683	46.64	NA	3	1	96.8	96.8	0.0	0.7	2.5	1706	17830364	17160414	96.7
B3352.AAFTF	341	27161198	510	605270	40420	79651.61	47	165511	159	49766	46.53	NA	3	1	96.5	96.5	0.0	0.8	2.6	1706	17826156	16508837	91.8
B3353.AAFTF	663	28161893	500	663331	3579	42476.46	49	179089	169	40788	46.31	NA	4	5	97.5	97.5	0.0	0.8	1.7	1706	17269084	16696269	89.5
B3358.AAFTF	301	27958950	500	1243798	19517	92886.88	31	299099	100	76557	46.31	NA	1	NA	97.5	97.5	0.0	0.7	1.8	1706	19209102	18030768	97.4
B3359.AAFTF	285	27500825	504	1169752	38568	96494.12	32	229312	113	71967	46.42	NA	4	1	97.2	97.2	0.0	0.7	2.1	1706	20257740	18872434	103.6
B3368.AAFTF	212	27447436	515	885851	75350	129469.04	31	259885	95	87507	46.43	NA	5	NA	97.5	97.5	0.0	0.6	1.9	1706	18143066	17063250	93.9
B3374.AAFTF	252	27761637	506	839541	37201	110165.23	33	292130	98	84644	46.20	NA	1	5	96.9	96.9	0.0	0.8	2.3	1706	18895236	17767150	96.6
B3375.AAFTF	200	27434513	501	1036796	45596	137172.57	22	408930	79	90728	46.39	NA	4	NA	97.8	97.8	0.0	0.7	1.5	1706	19791932	18331642	100.9
B3382.AAFTF	262	27154586	502	685751	38477	103643.46	34	265635	106	73501	46.50	NA	2	2	96.7	96.7	0.0	0.8	2.6	1706	19680856	18455114	102.6
B3391.AAFTF	257	27439284	500	1178652	30218	106767.64	26	334962	90	80834	46.55	NA	4	1	97.4	97.4	0.0	0.6	1.9	1706	23220720	22031475	121.2
B3395.AAFTF	266	27523187	502	837410	40874	103470.63	29	320152	102	77118	46.45	NA	2	2	97.5	97.5	0.0	0.7	1.8	1706	18481006	17450345	95.7
B3398.AAFTF	296	27640341	500	776583	22028	93379.53	29	304818	100	79078	46.41	NA	NA	NA	97.1	97.1	0.0	0.9	2.1	1706	18575722	17508277	95.6
B3409.AAFTF	301	26920109	508	753594	34772	89435.58	36	231294	122	57865	46.58	NA	2	4	97.0	97.0	0.0	0.6	2.5	1706	15787004	14868711	83.4
B3411.AAFTF	207	27608567	511	1106056	64730	133374.72	27	315799	89	95210	46.19	NA	2	3	96.1	96.0	0.1	0.6	3.3	1706	17277658	16055751	87.8
B3413.AAFTF	214	27448512	502	1158888	38065	128264.07	22	359745	78	96599	46.37	NA	2	3	96.3	96.3	0.0	0.6	3.0	1706	19483974	18254912	100.4
B3417.AAFTF	288	27487354	501	924667	15657	95442.20	25	367636	86	80184	46.54	NA	1	2	97.7	97.7	0.0	0.7	1.6	1706	20210090	18859470	103.6
B3420.AAFTF	267	28004705	502	980368	30847	104886.54	29	262509	97	85962	46.25	NA	NA	1	97.7	97.7	0.0	0.7	1.6	1706	20201216	19115609	103.1
B3439.AAFTF	244	27883801	504	904267	44546	114277.87	30	271318	96	77996	46.26	NA	9	2	97.7	97.7	0.0	0.6	1.7	1706	19560512	18444732	99.9
B3440.AAFTF	341	26359803	513	687996	27385	77301.48	42	190872	142	52048	46.53	NA	4	5	94.0	94.0	0.0	0.8	5.2	1706	16992122	15556487	89.1
B3453.AAFTF	227	26969033	501	747224	37161	118806.31	27	328987	88	93297	46.52	NA	2	1	96.2	96.2	0.1	0.7	3.0	1706	18861910	17755109	99.4
B3457.AAFTF	279	26930632	504	1089817	45408	96525.56	36	247789	118	59628	46.19	NA	1	4	93.6	93.6	0.1	0.8	5.6	1706	17144548	15385170	86.3
B3476.AAFTF	257	27017128	501	1177750	29002	105125.01	26	274463	92	77580	46.41	NA	NA	1	95.5	95.5	0.0	0.8	3.8	1706	NA	NA	NA
B3482.AAFTF	451	26900663	501	485810	26876	59646.70	63	140387	196	39319	46.58	NA	4	3	95.2	95.1	0.1	0.7	4.1	1706	14654488	13572080	76.2
B3489.AAFTF	322	28309065	502	797117	38814	87916.35	40	232866	137	56426	46.09	NA	6	1	96.3	96.3	0.0	0.6	3.0	1706	15912256	14288676	76.2
B3491.AAFTF	301	27639612	500	769233	34646	91825.95	36	254947	119	68319	46.37	NA	2	4	97.2	97.2	0.0	0.7	2.1	1706	15910080	14771464	80.7
B3492.AAFTF	477	27460699	504	561938	25595	57569.60	62	135893	210	33669	46.16	NA	5	4	94.8	94.7	0.1	0.9	4.3	1706	15396050	14083507	77.4
B5773_Brazil.AAFTF	1648	27162121	520	221177	8889	16481.87	236	33903	850	8375	46.53	NA	4	2	96.3	96.3	0.0	1.6	2.1	1706	4939418	4032459	44.7
BFF340.AAFTF	323	27361663	500	867547	27298	84711.03	37	233189	124	54294	46.36	NA	1	2	96.5	96.5	0.0	0.7	2.8	1706	40165634	34674175	128.0
Beeville.AAFTF	2324	27184291	502	142065	5404	11697.20	319	25233	1180	5275	46.65	NA	9	13	95.7	95.7	0.0	2.0	2.3	1706	1675548	1454317	16.1
C735-TKO.AAFTF	444	26759281	500	496481	23330	60268.65	54	155556	181	39445	46.70	NA	3	2	97.4	97.4	0.1	0.8	1.8	1706	11267936	10205691	57.2
CA1.AAFTF	5	18811	560	7925	3858	3762.20	2	5221	3	3858	38.72	NA	NA	NA	NA	NA	NA	NA	NA	NA	11889644	264641	1308.4
CA10.AAFTF	143	32797001	506	1993608	31223	229349.66	14	860712	43	222426	52.89	NA	4	5	98.5	98.2	0.2	0.5	1.0	1706	37679400	35030036	134.6
CA12.AAFTF	344	32832254	505	1292872	6000	95442.60	25	381412	86	98981	52.89	NA	1	3	98.5	98.2	0.2	0.5	1.0	1706	5424510	4513240	17.3
CA14.AAFTF	5	18980	502	7971	2705	3796.00	2	6013	4	1789	42.01	NA	NA	NA	NA	NA	NA	NA	NA	NA	14126808	425616	2085.5
CA17.AAFTF	406	27434089	503	531495	28888	67571.65	53	161135	174	41392	46.58	NA	2	1	NA	NA	NA	NA	NA	NA	44543628	38351094	176.1
CA2.AAFTF	669	27777690	501	560374	7633	41521.21	51	164278	197	26284	46.36	NA	NA	1	NA	NA	NA	NA	NA	NA	21615146	18390286	61.6
CA20.AAFTF	4	22337	565	9112	7942	5584.25	2	7942	3	4718	39.84	NA	NA	NA	NA	NA	NA	NA	NA	NA	19137190	820226	3415.0
CA22.AAFTF	911	27547226	500	613411	4193	30238.45	54	161208	236	18774	46.45	NA	5	NA	97.5	97.4	0.1	0.8	1.7	1706	10292832	9694753	32.7
CA23.AAFTF	556	27641756	500	441330	13963	49715.39	61	149598	202	34741	46.43	NA	2	1	97.2	97.1	0.1	1.1	1.8	1706	7494546	6417608	29.3
CA24.AAFTF	292	27872728	505	740643	47184	95454.55	39	218183	128	61533	46.40	NA	NA	NA	97.3	97.2	0.1	0.8	1.9	1706	54927140	45509521	205.7
CA25.AAFTF	352	27335722	506	487694	44378	77658.30	55	166206	165	51562	46.36	NA	1	2	94.7	94.6	0.1	0.9	4.4	1706	90123194	78102732	360.0
CA26.AAFTF	1366	28399469	500	485711	3238	20790.24	82	108500	385	11904	46.18	NA	3	2	NA	NA	NA	NA	NA	NA	14316414	11781281	38.6
CA27.AAFTF	413	27691352	504	745108	20330	67049.28	46	189875	149	46144	46.45	NA	NA	2	NA	NA	NA	NA	NA	NA	16172510	14825997	67.5
CA28.AAFTF	946	27492683	502	472429	4592	29062.03	62	135827	263	17861	46.52	NA	3	4	97.3	97.2	0.1	0.8	1.9	1706	12843018	11701524	39.6
CA29.AAFTF	462	28092421	501	743101	19814	60806.11	51	164068	180	41524	46.31	NA	1	NA	97.4	97.3	0.1	0.9	1.7	1706	13735016	9493458	42.6
CA3.AAFTF	313	27697466	505	645805	51130	88490.31	42	198524	146	56053	46.43	NA	1	1	97.2	97.2	0.1	0.8	1.9	1706	37002752	34042675	154.9
CA30.AAFTF	351	27738096	500	712657	43526	79025.91	49	167705	164	51669	46.32	NA	NA	1	97.3	97.3	0.0	0.9	1.8	1706	33104460	29165520	132.5
CA4.AAFTF	498	27545276	500	900656	10489	55311.80	43	197848	156	40733	46.50	NA	2	3	97.4	97.3	0.1	0.8	1.8	1706	22304284	20831125	70.3
CA5.AAFTF	354	27751063	507	582776	50533	78392.83	56	154222	178	48838	46.20	NA	1	NA	95.5	95.5	0.0	1.1	3.4	1706	64740060	59544595	270.4
CA6.AAFTF	895	28920606	500	945870	2517	32313.53	33	234505	152	26758	46.02	NA	3	1	97.6	97.4	0.2	0.7	1.7	1706	78693152	58995576	189.7
CA7.AAFTF	335	27134766	501	1512176	13355	80999.30	26	336528	100	61864	46.43	NA	1	4	96.3	96.3	0.0	0.8	2.9	1706	42744952	38626599	132.4
CA8.AAFTF	479	27893510	502	644560	15379	58232.80	49	160742	179	42136	46.37	NA	1	5	97.4	97.4	0.0	0.9	1.7	1706	19327468	16315994	73.7
CA9.AAFTF	411	27723701	500	623826	25076	67454.26	49	170938	163	44121	46.41	NA	1	NA	97.5	97.5	0.0	0.8	1.8	1706	11525380	10083202	45.8
CDC-202.AAFTF	845	27275250	518	357839	15808	32278.40	114	72773	400	17057	46.57	NA	3	3	96.6	96.6	0.0	1.3	2.1	1706	5862366	5209428	57.5
CDC-205.AAFTF	1004	27264899	518	477420	13609	27156.27	131	60914	491	14236	46.57	NA	2	3	96.5	96.5	0.0	1.3	2.2	1706	5861146	5187140	57.3
CDC-212.AAFTF	845	27298994	518	439779	16214	32306.50	120	71270	403	17484	46.54	NA	2	2	96.7	96.7	0.0	1.2	2.2	1706	6302838	5615212	61.9
COCPO_103715.AAFTF	11	38892	777	8428	3690	3535.64	4	4283	8	2145	41.30	NA	NA	NA	NA	NA	NA	NA	NA	NA	7545748	671813	1312.8
COCPO_103716.AAFTF	13	35788	630	7821	2072	2752.92	3	5261	10	1401	40.72	NA	NA	NA	NA	NA	NA	NA	NA	NA	4604176	43904	93.2
COCPO_103717.AAFTF	7	30954	1905	7926	4795	4422.00	3	5241	6	2191	39.87	NA	NA	NA	NA	NA	NA	NA	NA	NA	13275398	132255	324.7
COCPO_103718.AAFTF	2240	26510810	500	245033	1920	11835.18	144	55222	642	5771	46.90	NA	4	5	96.9	96.9	0.0	1.3	1.8	1706	16941900	9606876	27.5
COCPO_103720.AAFTF	1575	26210177	500	303164	2612	16641.38	110	71245	450	9706	46.98	NA	3	5	97.1	96.8	0.2	1.2	1.7	1706	21992674	10354466	30.0
COCPO_103721.AAFTF	1138	26557773	500	534392	3355	23337.23	70	108254	300	14143	46.87	NA	4	7	97.3	97.3	0.0	1.1	1.6	1706	42580304	37120879	106.2
COCPO_103744.AAFTF	811	26313647	500	367491	5099	32445.93	60	136198	226	22718	46.87	NA	3	3	97.7	97.7	0.0	0.8	1.6	1706	39423392	35023461	101.2
COCPO_103745.AAFTF	1658	26587678	500	366807	1826	16035.99	67	119468	340	8749	46.85	NA	2	3	97.5	97.5	0.0	0.8	1.8	1706	10265944	8715787	24.9
COCPO_103827.AAFTF	1376	25257602	501	439957	1404	18355.82	56	128784	237	18769	47.55	NA	5	2	97.4	97.4	0.0	0.8	1.8	1706	17057450	15574493	46.9
COCPO_114029.AAFTF	1868	26383005	500	315288	2348	14123.66	124	59890	552	7285	46.98	NA	7	5	97.1	96.7	0.5	1.1	1.8	1706	33361304	23360759	67.3
COCPO_114072.AAFTF	867	26967058	503	607190	4911	31103.87	50	159733	229	18570	46.70	NA	4	3	97.3	97.3	0.0	1.0	1.7	1706	66645016	58842251	165.8
COCPO_175712.AAFTF	954	26700627	500	388280	4945	27988.08	67	109570	285	15706	46.81	NA	6	5	97.5	97.5	0.0	0.8	1.8	1706	34327706	30512665	86.9
COCPO_175714.AAFTF	1246	26140955	500	434805	2770	20979.90	82	95114	320	13286	46.93	NA	3	2	97.5	97.5	0.0	0.9	1.5	1706	36997090	31945513	92.9
COCPO_175715.AAFTF	1122	26476101	500	434853	2651	23597.24	52	159082	226	14689	46.91	NA	7	3	97.5	97.5	0.0	0.7	1.8	1706	27660396	26584532	76.3
COCPO_175716.AAFTF	897	27044519	501	538545	6220	30149.97	69	113476	282	18051	46.70	NA	5	4	97.2	97.1	0.2	1.1	1.6	1706	110233750	103631521	291.2
COCPO_185672.AAFTF	1043	26909279	500	816475	3084	25799.88	46	170317	218	13749	46.75	NA	3	5	97.3	97.3	0.0	0.9	1.8	1706	52041110	49241655	139.1
COCPO_195880.AAFTF	1312	26380935	500	453138	2241	20107.42	60	136236	273	11978	46.98	NA	8	6	97.4	97.4	0.0	0.9	1.7	1706	38343936	30702897	88.5
COCPO_195881.AAFTF	11	38869	661	7832	3909	3533.55	4	5098	8	1972	39.18	NA	NA	NA	NA	NA	NA	NA	NA	NA	16485676	579309	1132.7
COCPO_195884.AAFTF	1671	25437862	500	606665	1291	15223.14	62	123590	275	12363	47.32	NA	8	8	97.3	97.3	0.0	0.9	1.8	1706	11127246	5655966	16.9
COCPO_34698.AAFTF	1412	34237646	501	541373	8164	24247.62	118	77062	568	12797	48.75	NA	NA	3	97.4	97.2	0.1	1.0	1.6	1706	15737670	14048407	51.7
COCPO_4545.AAFTF	854	28359362	500	632811	4565	33207.68	59	144483	232	25565	46.44	NA	1	NA	97.5	97.5	0.0	0.9	1.6	1706	15772676	13666417	60.7
COCPO_Galgiani.AAFTF	154	27855308	515	1055207	89156	180878.62	24	386945	68	133156	46.48	NA	NA	NA	97.5	97.5	0.0	0.9	1.6	1706	47056404	37315230	202.3
COCSP-2006.AAFTF	368	27500120	502	654434	19155	74728.59	41	221597	134	54230	46.51	NA	1	1	97.4	97.4	0.1	0.9	1.6	1706	42233452	37426359	171.5
COCSP-3478.AAFTF	578	27508006	500	408185	9503	47591.71	55	157483	192	34263	46.62	NA	3	NA	97.8	97.8	0.0	0.6	1.6	1706	29441122	14202918	65.1
COCSP-3505.AAFTF	3309	28265310	500	209460	2034	8541.95	265	28841	1242	3645	47.06	NA	11	6	91.9	86.5	5.4	3.6	4.5	1706	14313070	8779670	39.1
COCSP-8945.AAFTF	389	28117489	501	670741	27075	72281.46	49	175459	157	48044	46.27	NA	1	NA	97.4	97.4	0.0	0.8	1.9	1706	9277664	7703129	41.1
COCSP_8725.AAFTF	383	27375721	501	722079	34444	71477.08	53	156420	170	50078	46.56	NA	4	1	97.5	97.5	0.0	0.8	1.8	1706	10731844	10266404	56.3
Coahuila_1.AAFTF	957	27804562	517	453449	13771	29053.88	126	63400	456	15805	46.27	NA	7	3	96.4	96.4	0.0	1.2	2.4	1706	9240224	7942184	71.7
Coahuilla_2.AAFTF	405	27494334	500	1042555	10121	67887.24	27	309820	116	42069	46.54	NA	2	1	97.7	97.7	0.0	0.6	1.7	1706	31346234	26160913	95.2
Cocci_1400035797.AAFTF	2090	27248435	500	145396	6222	13037.53	281	27636	1049	6187	46.65	1	13	6	96.2	96.2	0.0	1.5	2.2	1706	2150052	1868848	20.6
Colorado_Springs_1.AAFTF	393	26991557	502	985983	9980	68680.81	29	270584	113	54120	46.63	NA	3	1	97.5	97.5	0.0	0.8	1.6	1706	19201740	17468488	64.7
EMS.AAFTF	564	27091687	506	354436	28430	48034.91	90	98747	286	27333	46.58	NA	4	2	97.4	97.4	0.0	0.9	1.7	1706	14231106	13053536	72.3
FMC233.AAFTF	457	27502234	501	647219	25877	60179.94	57	161140	197	37434	46.47	NA	4	2	97.5	97.5	0.0	0.8	1.7	1706	13061872	11773365	64.2
FMC234.AAFTF	476	27463311	500	530774	28224	57696.03	69	132607	226	32914	46.52	NA	4	1	97.5	97.5	0.0	0.6	1.9	1706	13841450	12805903	69.9
FMC235.AAFTF	542	27308190	501	387734	20416	50384.11	70	129156	224	33647	46.51	NA	4	2	97.1	97.1	0.0	0.7	2.2	1706	8052922	7225630	39.7
FMC449.AAFTF	914	27367015	501	245574	14084	29942.03	123	65684	427	16138	46.45	1	5	5	97.2	97.2	0.0	1.0	1.8	1706	8236104	7555524	41.4
FMC588.AAFTF	477	26949535	511	467760	29324	56497.98	63	134721	218	33604	46.53	NA	3	NA	96.4	96.4	0.0	0.8	2.8	1706	9380672	8348840	46.5
FMC718.AAFTF	2086	27417495	500	143543	5999	13143.57	277	28807	1010	6362	46.50	NA	5	7	96.6	96.6	0.0	1.4	2.0	1706	4754208	4525256	24.8
FMC778.AAFTF	2502	33368721	500	294416	2579	13336.82	174	56288	799	7069	45.15	NA	4	8	97.2	97.1	0.1	0.9	1.9	1706	13282344	5788865	26.0
GT-002.AAFTF	1390	27334864	530	255276	10204	19665.37	196	41070	690	10297	46.49	NA	3	3	96.2	96.2	0.0	1.6	2.2	1706	6852836	6039176	66.5
GT-017.AAFTF	1663	28037044	502	326898	8385	16859.32	219	35416	823	8713	46.23	NA	3	2	96.0	96.0	0.0	1.4	2.6	1706	3644450	3031948	32.6
GT-100.AAFTF	2	14974	7026	7948	7948	7487.00	1	7948	2	7026	42.61	NA	NA	NA	NA	NA	NA	NA	NA	NA	11716470	277170	1721.4
GT-101.AAFTF	503	27261536	501	537814	11808	54197.88	53	172901	172	43446	46.59	NA	NA	3	97.7	97.7	0.0	0.6	1.8	1706	15693204	13827587	63.9
GT-104.AAFTF	422	27617041	503	880313	18047	65443.23	40	196500	150	48607	46.35	NA	2	NA	97.4	97.4	0.0	0.9	1.8	1706	23974912	21417180	97.7
GT-105.AAFTF	397	27470882	500	1127258	14348	69196.18	37	219900	128	59828	46.48	NA	2	NA	97.5	97.5	0.0	0.8	1.6	1706	15182342	13804168	63.3
GT-106.AAFTF	438	27468702	503	1169177	15365	62713.93	37	231147	147	43061	46.53	NA	5	NA	97.5	97.5	0.0	0.8	1.7	1706	20023736	17829663	81.8
GT-107.AAFTF	396	27956590	501	613420	19503	70597.45	41	212896	142	47889	46.42	NA	1	3	97.5	97.5	0.0	0.8	1.6	1706	17162416	15851474	71.4
GT-108.AAFTF	437	27801985	502	627704	12556	63620.10	37	241570	139	48144	46.41	NA	1	3	97.3	97.2	0.1	0.9	1.8	1706	18872584	17990842	81.5
GT-109.AAFTF	1093	27577951	502	691981	3405	25231.43	56	138314	271	14940	46.44	NA	2	6	97.2	97.2	0.0	0.9	1.8	1706	14441604	10025187	33.8
GT-110.AAFTF	493	27551451	502	430729	19642	55885.30	55	149531	196	36288	46.47	NA	NA	1	97.2	97.2	0.0	0.9	1.9	1706	38418748	32745249	149.8
GT-111.AAFTF	1249	29323258	500	566268	3072	23477.39	67	132530	306	13869	45.80	NA	1	5	97.4	97.4	0.0	0.8	1.8	1706	17442050	16232934	69.8
GT-112.AAFTF	3	18150	2312	8036	7802	6050.00	2	7802	3	2312	39.48	NA	NA	NA	NA	NA	NA	NA	NA	NA	2725822	13933	96.7
GT-113.AAFTF	334	27811045	501	466378	46154	83266.60	51	187890	154	55027	46.28	NA	2	2	97.6	97.6	0.0	0.8	1.6	1706	41967912	38818671	175.9
GT-114.AAFTF	384	27759894	501	590581	26343	72291.39	43	198938	154	47208	46.31	NA	2	1	97.6	97.6	0.0	0.9	1.5	1706	10614950	9367088	42.5
GT-115.AAFTF	496	27512952	501	749096	9886	55469.66	42	209975	150	40408	46.44	NA	2	2	97.7	97.7	0.0	0.7	1.6	1706	17606262	15778516	72.3
GT-116.AAFTF	388	27640875	501	751391	18308	71239.37	41	207980	140	56765	46.45	NA	4	2	97.3	97.2	0.1	0.9	1.8	1706	20621168	18876508	86.0
GT-117.AAFTF	903	27472816	501	830706	4107	30423.94	51	159603	239	18604	46.52	NA	4	2	97.5	97.5	0.1	0.7	1.8	1706	12315838	10856210	36.8
GT-118.AAFTF	1237	27969984	500	416296	3134	22611.14	71	120655	315	13049	46.37	NA	6	2	97.4	97.4	0.0	0.7	1.9	1706	14037632	10145860	33.7
GT-119.AAFTF	422	27867621	503	580904	29835	66037.02	53	160533	181	41989	46.38	NA	3	1	97.4	97.3	0.1	0.9	1.8	1706	11444882	10346780	46.8
GT-120.AAFTF	548	27930119	500	555628	12273	50967.37	55	153119	187	36957	46.49	NA	1	3	97.5	97.5	0.0	0.7	1.8	1706	25384090	23773247	107.2
GT-121.AAFTF	333	27242842	501	1330103	9652	81810.34	25	329006	92	63213	46.54	NA	NA	2	97.6	97.6	0.0	0.8	1.6	1706	76363822	56942941	194.4
GT-122.AAFTF	888	26823042	506	683421	4855	30206.13	59	139070	255	17462	46.74	NA	NA	4	97.5	97.5	0.0	0.7	1.8	1706	9636748	9137357	31.7
GT-123.AAFTF	4	26788	1326	14795	7925	6697.00	1	14795	3	2742	40.28	NA	NA	1	NA	NA	NA	NA	NA	NA	14030352	327807	1138.0
GT-124.AAFTF	525	27015159	502	770282	10016	51457.45	41	199778	163	34673	46.68	NA	2	4	97.7	97.7	0.0	0.6	1.7	1706	27124026	23198364	79.9
GT-125.AAFTF	385	27022579	500	633259	18559	70188.52	43	196218	140	54451	46.65	NA	2	NA	97.7	97.7	0.0	0.8	1.5	1706	24237354	23096519	107.7
GT-126.AAFTF	914	27190367	505	493173	6933	29748.76	70	106579	306	16307	46.61	NA	4	2	97.2	97.1	0.1	0.9	1.9	1706	9207152	7732837	35.8
GT-127.AAFTF	362	27391496	502	1080615	11581	75667.12	29	307330	107	58831	46.50	NA	NA	2	97.6	97.3	0.3	0.8	1.6	1706	139938914	100427069	341.0
GT-128.AAFTF	382	28014150	504	665622	20677	73335.47	38	231061	136	49897	46.31	NA	1	3	97.7	97.6	0.1	0.8	1.6	1706	17042492	16441390	73.9
GT-129.AAFTF	2	13247	5345	7902	7902	6623.50	1	7902	2	5345	49.88	NA	NA	NA	NA	NA	NA	NA	NA	NA	10181526	206911	1452.6
GT-130.AAFTF	457	26741034	500	562281	17373	58514.30	48	185501	167	39104	46.58	NA	1	1	96.4	96.4	0.0	0.8	2.8	1706	13987060	12276791	57.8
GT-131.AAFTF	794	27081392	500	796972	4951	34107.55	47	157603	211	22088	46.56	NA	3	3	97.6	97.6	0.0	0.8	1.6	1706	24031200	13375501	45.9
GT-132.AAFTF	377	27820895	501	720358	24739	73795.48	40	192374	143	47547	46.37	NA	NA	1	97.6	97.6	0.0	0.8	1.6	1706	13939176	12852219	58.2
GT-133.AAFTF	4	26018	2309	10474	7989	6504.50	2	7989	3	5246	41.24	NA	1	NA	NA	NA	NA	NA	NA	NA	13862550	430134	1537.5
GT-134.AAFTF	440	27037916	503	874325	12941	61449.81	39	212251	143	45321	46.58	NA	2	NA	97.5	97.5	0.0	0.8	1.7	1706	44668332	36587904	125.8
GT-136.AAFTF	422	27535628	502	834739	15662	65250.30	44	197122	149	49945	46.59	NA	3	2	97.7	97.7	0.0	0.6	1.6	1706	14397856	13135082	60.1
GT-139.AAFTF	3	12696	1407	8036	3253	4232.00	1	8036	3	1407	50.59	NA	NA	NA	NA	NA	NA	NA	NA	NA	10287034	195969	1435.5
GT-140.AAFTF	606	27642449	500	1104949	9451	45614.60	51	146393	191	34301	46.36	NA	1	2	97.4	97.4	0.0	0.8	1.8	1706	6871672	5986009	27.3
GT-141.AAFTF	662	27043859	500	517929	6573	40851.75	52	170020	185	29540	46.59	NA	1	2	97.7	97.7	0.0	0.7	1.6	1706	20333412	18028640	62.0
GT-142.AAFTF	591	27446072	501	832877	6511	46440.05	42	204654	159	34821	46.55	NA	1	2	97.7	97.7	0.0	0.6	1.6	1706	26309576	22541774	76.4
GT-143.AAFTF	950	27321142	500	456343	5693	28759.10	68	121976	301	18132	46.51	NA	4	2	97.6	97.6	0.0	0.7	1.7	1706	9689716	3537191	16.3
GT-144.AAFTF	409	26853911	501	626427	23378	65657.48	44	177385	159	42522	46.60	NA	NA	4	96.8	96.8	0.0	0.8	2.4	1706	19990178	17736420	83.2
GT-145.AAFTF	1015	26790102	500	539302	3883	26394.19	64	119090	287	18210	46.58	NA	2	1	96.2	96.2	0.0	0.8	3.0	1706	17336500	13962418	48.5
GT-146.AAFTF	440	27508716	501	689418	12612	62519.81	34	229126	133	47695	46.45	NA	1	NA	97.5	97.5	0.0	0.7	1.8	1706	35271934	30136688	101.9
GT-147.AAFTF	4	17233	663	7925	4751	4308.25	2	4751	3	3894	40.49	NA	NA	NA	NA	NA	NA	NA	NA	NA	16956252	111430	601.3
GT-148.AAFTF	918	27166651	500	561133	4229	29593.30	50	173799	228	17745	46.56	NA	NA	3	97.7	97.7	0.0	0.7	1.6	1706	18867872	14601642	50.0
GT-149.AAFTF	509	27014418	500	855042	14695	53073.51	48	159284	179	36253	46.61	NA	4	1	97.4	97.4	0.0	0.8	1.9	1706	21709698	18944171	88.4
GT-150.AAFTF	730	27339007	500	728206	5791	37450.69	46	166264	193	27412	46.60	NA	2	2	97.5	97.5	0.0	0.7	1.8	1706	21063998	17198864	58.5
GT-151.AAFTF	828	27395847	500	596382	4681	33086.77	52	151783	217	22815	46.67	NA	2	1	97.7	97.6	0.1	0.6	1.7	1706	19785532	16364145	55.6
GT-153.AAFTF	4	17236	979	7898	5335	4309.00	2	5335	3	3024	40.08	NA	NA	NA	NA	NA	NA	NA	NA	NA	13843306	105419	568.8
GT-154.AAFTF	521	27383726	501	831608	7674	52559.93	39	216638	146	36675	46.30	NA	2	NA	96.5	96.5	0.0	0.7	2.8	1706	32638590	26420024	89.7
GT-155.AAFTF	3	13314	2182	8097	3035	4438.00	1	8097	3	2182	44.81	NA	NA	NA	NA	NA	NA	NA	NA	NA	17509066	335684	2344.8
GT-156.AAFTF	1046	27642681	500	716867	3849	26427.04	65	121600	281	16298	46.46	NA	5	2	97.4	97.4	0.0	0.8	1.9	1706	11168520	9608140	32.3
GT-158.AAFTF	893	26740889	500	837317	4503	29945.00	61	131829	246	18622	46.65	NA	4	4	97.5	97.5	0.0	0.6	1.9	1706	13217396	11228971	39.1
GT-159.AAFTF	390	27547988	500	1253448	25454	70635.87	46	173136	150	51229	46.33	NA	1	1	97.5	97.5	0.0	0.8	1.6	1706	21172922	18292545	83.7
GT-160.AAFTF	1	7942	7942	7942	7942	7942.00	1	7942	1	7942	51.76	NA	NA	NA	NA	NA	NA	NA	NA	NA	13489884	125325	1467.5
GT-161.AAFTF	760	26887930	503	817229	5565	35378.86	45	177259	195	19305	46.60	NA	3	4	96.5	96.5	0.0	0.8	2.6	1706	18582110	16908792	58.5
GT-162.AAFTF	659	27171018	502	770026	5167	41230.68	45	185293	175	30781	46.66	NA	4	3	97.7	97.7	0.0	0.7	1.6	1706	28340396	18208235	62.3
GT-163.AAFTF	1328	27710450	502	346598	7584	20866.30	159	53114	560	11928	46.42	NA	6	2	97.0	96.9	0.1	1.0	2.1	1706	3758706	3078736	14.0
GT-164.AAFTF	969	27071607	500	679816	3593	27937.67	53	143498	241	17088	46.58	NA	5	3	97.6	97.6	0.0	0.8	1.6	1706	26148528	10588216	36.4
GT-165.AAFTF	626	26895569	500	699330	7610	42964.17	49	165330	185	30280	46.69	NA	1	2	97.5	97.5	0.0	0.8	1.7	1706	28431752	24462430	84.6
GT-166.AAFTF	531	26926901	503	729059	9603	50709.79	46	191485	162	34034	46.76	NA	4	2	97.5	96.6	0.9	0.8	1.6	1706	53103124	24613136	85.0
GT-167.AAFTF	445	27217571	500	588775	15604	61163.08	47	182795	158	47327	46.58	NA	2	NA	97.4	97.3	0.1	0.9	1.7	1706	20432286	18073612	83.7
GT-168.AAFTF	508	26775830	501	637664	9178	52708.33	44	180389	159	40556	46.59	NA	2	1	96.7	96.7	0.0	0.7	2.6	1706	21941254	19704605	68.4
GT-169.AAFTF	1071	27748014	500	649425	3748	25908.51	64	124834	286	16777	46.40	NA	NA	3	97.4	97.4	0.0	0.8	1.9	1706	14392492	12463720	41.8
GT-171.AAFTF	419	26846082	500	598435	18500	64071.79	45	179789	155	44415	46.60	NA	1	2	97.2	97.2	0.0	0.6	2.2	1706	25592690	22357012	104.9
Guerrero_1.AAFTF	406	27529286	500	1098506	9468	67806.12	27	303825	109	53308	46.51	NA	5	NA	97.6	97.5	0.1	0.8	1.6	1706	9469170	8422904	30.6
IL1.AAFTF	1040	26991282	501	356865	4395	25953.16	73	105036	307	16742	46.54	NA	1	3	97.2	97.2	0.0	0.8	2.1	1706	11021742	9800197	33.8
J_TORRES.AAFTF	667	28291576	503	587857	19156	42416.16	77	109481	282	25516	46.31	NA	1	1	96.8	96.8	0.0	0.7	2.5	1706	25436116	22410256	99.8
KJH004.AAFTF	753	27210698	500	414382	8003	36136.39	70	116522	250	26147	46.58	NA	2	NA	97.5	97.5	0.0	0.9	1.6	1706	12065986	5388558	25.0
M153.AAFTF	7	29693	986	9970	2295	4241.86	2	7845	5	2027	38.59	NA	NA	1	NA	NA	NA	NA	NA	NA	6681306	234256	599.6
M158.AAFTF	11	30859	525	16692	1258	2805.36	1	16692	7	713	43.29	NA	1	NA	NA	NA	NA	NA	NA	NA	17866532	285450	1387.5
M191.AAFTF	359	27277072	508	507378	45389	75980.70	56	156642	179	45759	46.51	NA	4	6	97.2	97.2	0.0	0.8	2.0	1706	13926128	12369985	68.0
M192.AAFTF	1068	59267447	501	560887	26607	55493.86	142	130161	476	34717	45.13	NA	12	11	98.6	10.3	88.3	0.6	0.8	1706	20947494	17237953	43.6
M195.AAFTF	385	27979835	502	728205	29062	72674.90	44	199559	152	48224	46.40	NA	1	2	97.4	97.4	0.0	0.9	1.7	1706	16529820	13612552	73.0
M196.AAFTF	360	27095263	510	616249	32039	75264.62	46	187902	152	51277	46.55	NA	1	NA	96.5	96.5	0.0	0.9	2.6	1706	18888372	16504613	91.4
M197.AAFTF	1432	28846972	482	632114	852	20144.53	57	156735	199	33288	46.03	NA	2	2	97.4	97.4	0.0	0.8	1.9	1706	11802708	10342394	53.8
M198.AAFTF	415	27644589	512	491966	32457	66613.47	54	160068	177	47658	46.54	NA	2	1	97.3	97.3	0.0	1.0	1.7	1706	13084180	11653265	63.2
M199.AAFTF	361	26772287	503	569845	26936	74161.46	44	203430	143	50615	46.60	NA	1	NA	NA	NA	NA	NA	NA	NA	15560018	13688557	76.7
M1_5.AAFTF	595	27457319	500	1061453	8990	46146.75	51	154776	192	34666	46.53	NA	2	4	97.7	97.7	0.0	0.6	1.7	1706	10514188	8804420	40.4
M200.AAFTF	376	27223411	500	589420	35046	72402.69	50	155638	164	47523	46.50	NA	1	4	96.7	96.7	0.0	0.9	2.3	1706	10866752	9369141	51.6
M201.AAFTF	209	26700262	505	938127	65671	127752.45	30	287912	95	87239	46.62	NA	3	2	96.1	96.1	0.0	0.7	3.2	1706	57567872	51303695	290.1
M204.AAFTF	283	27315870	508	677507	37278	96522.51	34	262368	114	61929	46.55	NA	3	NA	97.5	97.4	0.1	0.7	1.8	1706	12632490	11101250	61.0
M205.AAFTF	568	27464671	501	304872	27167	48353.29	85	106768	266	31708	46.50	NA	1	2	97.5	97.5	0.0	0.6	1.9	1706	8707744	7898968	43.1
M206.AAFTF	661	27578446	500	353510	20047	41722.31	88	93697	299	24125	46.38	NA	1	4	97.5	97.5	0.0	0.8	1.7	1706	9180198	8588007	46.7
M207.AAFTF	458	27238148	501	465468	25508	59471.94	55	150363	190	36990	46.51	NA	1	3	96.9	96.9	0.0	0.8	2.3	1706	10827860	9677580	53.3
M208.AAFTF	412	27223406	506	749737	33949	66076.23	56	151063	185	42222	46.51	NA	1	2	97.4	97.4	0.0	0.8	1.8	1706	10042852	8881894	48.9
M211.AAFTF	377	27392634	501	618424	35401	72659.51	53	169724	167	47273	46.43	NA	NA	3	96.9	96.9	0.0	0.7	2.4	1706	11818654	10185119	55.8
M213.AAFTF	377	26776985	500	1207339	26058	71026.49	40	190194	151	47222	46.68	NA	2	4	97.5	97.5	0.0	0.6	1.8	1706	12313208	10443392	58.5
M214.AAFTF	215	27676112	512	1360304	34299	128726.10	23	350026	75	116156	46.54	NA	NA	1	97.5	97.5	0.0	0.9	1.6	1706	59224762	53841767	293.8
M215.AAFTF	221	26874417	503	1039750	50019	121603.70	27	324766	89	78913	46.61	NA	1	2	95.8	95.8	0.0	0.8	3.4	1706	37543604	33884675	190.4
M216.AAFTF	3	9938	1685	6567	1686	3312.67	1	6567	3	1685	53.21	NA	NA	NA	NA	NA	NA	NA	NA	NA	27087974	208712	3150.2
M219.AAFTF	448	27496395	503	480555	24834	61375.88	57	150130	185	41181	46.47	NA	2	4	97.4	97.4	0.0	0.8	1.8	1706	11234316	9801534	53.5
M220.AAFTF	338	27539095	505	725394	34140	81476.61	41	200109	144	49509	46.41	NA	1	4	97.7	97.7	0.0	0.7	1.6	1706	14650510	12579504	68.5
M221.AAFTF	175	26458722	501	1458303	75978	151192.70	25	331063	75	122444	46.47	NA	NA	2	93.6	93.6	0.0	0.6	5.7	1706	38504500	33613447	191.8
M223.AAFTF	853	27476560	500	608301	1243	32211.68	59	143383	210	31988	46.69	NA	4	4	97.2	97.2	0.0	0.9	1.9	1706	10429596	8431255	46.0
MJS.AAFTF	671	26984825	503	273483	24913	40215.83	106	77352	351	22345	46.60	NA	2	4	97.2	97.2	0.0	0.7	2.1	1706	22905224	21432954	119.1
Michoacan_1.AAFTF	1102	28023002	502	234802	12409	25429.22	153	55477	528	13578	46.48	NA	3	6	96.6	96.6	0.0	1.4	2.0	1706	10348926	8912046	79.8
Michoacan_2.AAFTF	1664	26577189	501	244443	3384	15971.87	122	65381	544	7862	46.50	NA	4	4	95.1	95.1	0.0	1.8	3.1	1706	8520390	7849952	22.2
NACVFR_2566.AAFTF	1934	28371344	500	188890	6367	14669.77	251	34759	902	7266	46.41	NA	3	9	96.3	96.3	0.0	1.5	2.2	1706	5379780	4602786	20.4
NACVFR_4542.AAFTF	1271	28798744	500	449825	2234	22658.34	90	92339	341	18874	46.51	NA	1	NA	97.1	97.1	0.0	0.8	2.1	1706	12748332	10610454	46.4
NM_0071.AAFTF	1017	58027423	501	705205	25595	57057.45	125	139556	449	34281	45.35	NA	7	11	98.4	8.7	89.7	0.7	0.9	1706	17336948	14818550	38.3
NM_0317.AAFTF	1	7398	7398	7398	7398	7398.00	1	7398	1	7398	52.19	NA	NA	NA	NA	NA	NA	NA	NA	NA	7338850	24315	493.0
NM_0369.AAFTF	569	27679359	504	427020	20583	48645.62	73	121873	236	33022	46.46	NA	2	4	97.4	97.4	0.0	0.9	1.7	1706	9390890	8562877	46.4
NM_3006.AAFTF	508	30073549	507	696574	18198	59199.90	50	185108	201	32387	45.45	NA	1	1	97.5	97.5	0.1	0.8	1.6	1706	13694948	12486832	62.3
NM_3957.AAFTF	1	7980	7980	7980	7980	7980.00	1	7980	1	7980	51.32	NA	NA	NA	NA	NA	NA	NA	NA	NA	6048996	28556	536.8
NM_4233.AAFTF	479	27222281	503	422542	25877	56831.48	63	137130	202	37938	46.77	NA	5	3	96.1	96.1	0.0	0.8	3.0	1706	10947234	9430335	52.0
NM_4297.AAFTF	12	19985	508	7996	899	1665.42	2	2455	9	647	43.63	NA	NA	NA	NA	NA	NA	NA	NA	NA	4655016	14323	107.5
NM_459.AAFTF	2837	26413612	500	156815	5513	9310.40	432	17016	1562	4616	46.42	NA	8	7	83.8	83.7	0.1	8.0	8.2	1706	20999430	5390428	30.8
NM_4708.AAFTF	597	30637493	501	569025	15619	51319.08	60	146386	233	28200	45.22	NA	2	4	96.9	96.8	0.1	0.7	2.4	1706	15255958	13693980	67.0
NM_5945.AAFTF	415	27316733	500	765483	29634	65823.45	55	148362	176	45898	46.66	NA	2	2	97.1	97.1	0.0	0.7	2.2	1706	10930094	10296284	56.5
NM_9837.AAFTF	468	27459679	504	615711	26142	58674.53	63	146855	195	36218	46.60	NA	2	2	97.4	97.4	0.0	0.8	1.9	1706	10120142	8500239	46.4
NM_9861.AAFTF	1	9738	9738	9738	9738	9738.00	1	9738	1	9738	51.14	NA	NA	NA	NA	NA	NA	NA	NA	NA	16897836	80118	1242.3
Nuevo_Leon_1.AAFTF	1116	27590789	504	373562	11569	24722.93	143	53793	530	12495	46.44	NA	4	6	96.9	96.9	0.0	1.5	1.6	1706	8348840	7085700	64.5
Nuevo_Leon_2.AAFTF	1030	27670975	513	360784	13023	26865.02	135	55799	488	14814	46.44	NA	1	6	96.5	96.5	0.0	1.5	2.0	1706	10617576	9018243	81.8
Phoenix_1.AAFTF	396	27497366	502	967716	9011	69437.79	31	293393	113	49386	46.47	NA	NA	1	97.7	97.7	0.0	0.6	1.7	1706	10945232	10132682	36.8
Phoenix_2.AAFTF	257	27066147	502	1739300	17160	105315.75	22	387755	76	84136	46.58	NA	1	1	97.7	97.6	0.1	0.6	1.6	1706	23655776	22006774	81.3
Phoenix_3.AAFTF	331	26990231	501	1756998	11088	81541.48	27	301880	97	62677	46.75	NA	1	1	97.8	97.8	0.0	0.6	1.6	1706	20808700	19412380	71.9
Phoenix_4.AAFTF	363	26751273	502	1413582	10677	73694.97	24	355393	93	48646	46.65	NA	1	1	96.5	96.5	0.0	0.6	2.9	1706	13230516	12147282	45.4
Phoenix_5.AAFTF	327	27477588	503	1042825	14875	84029.32	24	376525	94	60003	46.42	NA	1	3	97.7	97.7	0.0	0.6	1.7	1706	18493778	17409185	63.4
Phoenix_6.AAFTF	468	27567135	500	921601	6165	58904.13	25	346021	108	45433	46.49	NA	4	2	97.8	97.8	0.0	0.6	1.6	1706	10548858	9810185	35.6
Phoenix_7.AAFTF	380	27280462	500	1226211	9451	71790.69	26	282201	99	51789	46.52	NA	1	3	97.7	97.7	0.0	0.6	1.6	1706	14012282	12913831	47.3
Phoenix_8.AAFTF	390	27049397	500	1128327	9013	69357.43	23	290588	105	50531	46.61	NA	4	2	97.7	97.7	0.0	0.7	1.6	1706	11261978	10474216	38.7
Phoenix_9.AAFTF	414	27364604	500	1439234	8457	66098.08	28	294636	111	53378	46.43	NA	2	NA	96.5	96.5	0.0	0.6	2.8	1706	13999516	12984043	47.4
RS.AAFTF	463	28553335	500	599427	31813	61670.27	65	141890	203	40879	46.14	NA	2	1	97.2	97.2	0.0	0.8	2.0	1706	9058306	8211635	43.1
SA12.AAFTF	584	27395047	500	443082	12505	46909.33	57	139010	210	33597	46.57	NA	6	2	97.3	97.3	0.0	0.8	1.9	1706	25424660	7627578	35.1
SA14.AAFTF	715	28721934	501	581560	9905	40170.54	64	135504	244	26371	46.39	NA	2	1	97.4	97.2	0.2	0.8	1.8	1706	19066498	17389871	76.3
SA2.AAFTF	543	27538430	500	606431	15727	50715.34	56	151738	201	32175	46.51	NA	4	1	97.4	97.4	0.0	0.8	1.8	1706	26629196	17625509	80.6
SD7.AAFTF	1	7984	7984	7984	7984	7984.00	1	7984	1	7984	51.85	NA	NA	NA	NA	NA	NA	NA	NA	NA	2033066	24708	389.9
SD8.AAFTF	4	25736	3506	9651	8069	6434.00	2	8069	4	3506	42.31	NA	NA	1	NA	NA	NA	NA	NA	NA	9171802	70382	344.6
SDVA1.AAFTF	239	27680502	520	765952	60139	115818.00	33	267517	106	73785	46.35	NA	NA	1	97.3	97.3	0.0	0.9	1.8	1706	19696098	17143626	92.9
SDVA10.AAFTF	346	26966698	503	639367	33252	77938.43	43	189571	144	51437	46.74	NA	3	2	97.7	97.7	0.0	0.6	1.7	1706	13736596	10968448	61.0
SDVA14.AAFTF	361	27610727	503	619574	25566	76484.01	44	206878	140	60368	46.52	NA	1	2	97.4	97.4	0.0	0.8	1.8	1706	15309380	13147696	71.4
SDVA15.AAFTF	351	28115163	500	792242	36446	80100.18	41	222945	145	51383	46.26	NA	1	1	97.2	97.2	0.0	1.1	1.8	1706	20916532	18499465	98.7
SDVA16.AAFTF	307	27517492	519	1187330	48069	89633.52	46	182915	149	50418	46.40	NA	5	1	97.8	97.8	0.0	0.6	1.5	1706	18585778	15696228	85.6
SDVA17.AAFTF	297	28221689	501	751140	38417	95022.52	36	238679	119	68828	46.27	NA	1	1	96.8	96.8	0.0	0.8	2.5	1706	32425418	27128512	144.2
SDVA2.AAFTF	381	27673521	501	428340	39071	72633.91	59	155108	179	44872	46.38	NA	2	3	97.3	97.3	0.0	0.8	1.9	1706	25189812	22830988	123.8
SDVA20.AAFTF	270	27516644	520	808063	51397	101913.50	39	233483	128	58806	46.40	NA	2	6	97.9	97.9	0.0	0.6	1.5	1706	20561554	17099262	93.2
SDVA25.AAFTF	280	27205387	505	857801	47441	97162.10	35	257876	118	71451	46.57	NA	3	NA	97.7	97.7	0.0	0.6	1.7	1706	21743968	18246806	100.6
SDVA26.AAFTF	318	27731208	500	667754	35446	87205.06	42	207316	134	51463	46.36	NA	1	2	97.5	97.5	0.0	0.7	1.8	1706	21454304	18549276	100.3
SDVA27.AAFTF	509	27006955	512	520020	23366	53058.85	68	125730	236	28379	46.60	NA	2	2	97.1	97.1	0.0	1.1	1.9	1706	11624456	9935159	55.2
SDVA3.AAFTF	374	28030288	502	813818	33400	74947.29	47	176457	158	50975	46.39	NA	NA	2	96.3	96.2	0.1	0.9	2.8	1706	26787324	22858508	122.3
SDVA36.AAFTF	340	28151292	502	733359	31383	82797.92	39	213861	133	54702	46.27	NA	3	NA	96.4	96.4	0.0	0.8	2.8	1706	13369834	11351232	60.5
SDVA39.AAFTF	251	28337546	516	1050954	35138	112898.59	28	338189	95	80558	46.17	NA	1	NA	97.7	97.7	0.0	0.7	1.6	1706	27272164	24551238	130.0
SDVA4.AAFTF	246	27677364	515	1070665	67006	112509.61	35	238227	118	69156	46.35	NA	1	1	97.4	97.4	0.0	0.9	1.7	1706	23851716	20295766	110.0
SDVA41.AAFTF	705	29128351	500	493234	19067	41316.81	90	95681	318	24494	45.95	NA	2	3	97.1	97.1	0.0	1.1	1.8	1706	9067606	8104112	41.7
SDVA42.AAFTF	292	27520821	500	781143	51483	94249.39	41	207558	137	60169	46.40	NA	5	3	97.5	97.5	0.0	0.9	1.5	1706	13866158	11888881	64.8
SDVA44.AAFTF	1286	28562645	501	338751	10303	22210.45	163	49068	599	12322	46.14	NA	2	5	96.5	96.5	0.0	1.2	2.2	1706	9912770	7503045	39.4
SDVA45.AAFTF	696	27254786	501	327514	17526	39159.18	90	91624	310	22181	46.62	NA	1	3	97.3	97.3	0.0	0.9	1.8	1706	15351582	12536113	69.0
SDVA47.AAFTF	478	27110801	504	519550	24706	56717.16	61	149908	203	38587	46.61	NA	3	1	97.3	97.3	0.0	0.8	1.9	1706	15010912	12308102	68.1
SDVA48.AAFTF	674	28940751	501	622959	20430	42938.80	86	96872	302	26605	46.00	NA	1	5	97.0	97.0	0.0	1.1	2.0	1706	13838140	11727189	60.8
SDVA5.AAFTF	270	28668532	503	769793	35138	106179.75	33	279262	105	77079	46.09	NA	1	2	96.8	96.8	0.0	0.9	2.3	1706	29334002	24145197	126.3
SDVA6.AAFTF	311	28433421	502	846081	30075	91425.79	35	242596	116	60297	46.24	NA	3	1	96.5	96.5	0.0	0.8	2.7	1706	16197636	13598556	71.7
SDVA7.AAFTF	277	27489334	504	773568	44502	99239.47	35	242998	117	67984	46.43	NA	2	2	97.8	97.8	0.0	0.6	1.6	1706	16898384	14630970	79.8
SDVA8.AAFTF	414	27961223	503	573590	27813	67539.19	49	177881	173	43470	46.40	NA	NA	3	97.6	97.6	0.0	0.6	1.8	1706	13408542	12057169	64.7
SJV_1.AAFTF	600	27743647	500	964548	5432	46239.41	34	225657	138	36381	46.48	NA	NA	2	97.6	97.5	0.1	0.8	1.6	1706	6790784	6328514	22.8
SJV_10.AAFTF	1018	27904800	507	402573	13194	27411.39	135	61189	482	14832	46.26	NA	6	4	96.1	96.0	0.1	1.3	2.6	1706	8194748	7559377	68.0
SJV_11.AAFTF	435	27439629	501	988277	7619	63079.61	30	278442	121	51088	46.49	NA	1	NA	97.6	97.5	0.1	0.9	1.5	1706	10495020	9609798	35.0
SJV_2.AAFTF	279	27203012	500	1307018	14001	97501.84	22	389694	79	69989	46.54	NA	2	NA	97.5	97.5	0.0	0.8	1.8	1706	19580634	17743478	65.2
SJV_3.AAFTF	11	35103	873	7929	2621	3191.18	3	4969	8	1532	37.79	NA	NA	NA	NA	NA	NA	NA	NA	NA	8435986	483328	1032.7
SJV_4.AAFTF	373	27664556	502	939283	8852	74167.71	30	270722	108	67279	46.40	NA	2	2	97.5	97.5	0.1	0.7	1.8	1706	25380246	20895520	75.5
SJV_5.AAFTF	320	27433734	507	1072622	12546	85730.42	28	324344	95	63044	46.48	NA	NA	1	97.7	97.7	0.0	0.7	1.6	1706	15989156	14743004	53.7
SJV_6.AAFTF	780	27428566	502	756646	4146	35164.83	42	198559	186	22249	46.47	NA	4	5	97.4	97.4	0.0	0.8	1.9	1706	5456844	4919491	17.9
SJV_7.AAFTF	387	27472516	500	1136832	12126	70988.41	28	294274	119	60514	46.49	NA	2	NA	97.5	97.3	0.2	0.8	1.8	1706	28224662	26014748	94.7
SJV_8.AAFTF	473	27580341	502	751005	5756	58309.39	32	266687	122	47356	46.33	NA	1	2	97.2	97.1	0.1	0.7	2.1	1706	9267184	8595224	31.2
SJV_9.AAFTF	521	27512304	500	1011415	7212	52806.73	31	247470	140	40272	46.38	NA	NA	4	97.1	97.0	0.1	0.8	2.1	1706	7375260	6794298	24.7
SOIL_407-0_L_OLD_CPA0001.AAFTF	8	39196	917	8488	7465	4899.50	3	7822	5	3736	40.58	NA	NA	NA	NA	NA	NA	NA	NA	NA	19109924	613483	1455.6
SOIL_485B-0_L_OLD_CPA0020.AAFTF	965	27410220	502	491612	3779	28404.37	59	137008	247	19569	46.49	NA	3	3	97.5	97.5	0.0	0.9	1.6	1706	19741622	12886261	43.7
SOIL_573-2_L_NEW_CPA0035.AAFTF	1012	27387928	501	450725	4241	27063.17	72	111887	285	19848	46.57	NA	3	2	97.3	97.3	0.0	0.8	1.9	1706	19903340	14346306	48.7
SOIL_574-2_L_NEW_CPA0042.AAFTF	554	27334698	500	823430	8343	49340.61	42	185815	166	32869	46.54	NA	3	NA	97.4	97.4	0.0	0.7	1.9	1706	24351692	20418095	69.5
SOIL_578-1_A_NEW_CPA0048.AAFTF	822	27440674	500	634124	4995	33382.82	55	141900	219	23416	46.57	NA	1	1	97.7	97.7	0.0	0.6	1.8	1706	18009054	15457025	52.4
SOIL_580-1_L_NEW_CPA0055.AAFTF	2	13691	5640	8051	8051	6845.50	1	8051	2	5640	46.94	NA	NA	NA	NA	NA	NA	NA	NA	NA	17566876	285807	1941.4
SOIL_580-2_L_NEW_CPA0060.AAFTF	925	27389007	501	565121	4641	29609.74	62	142163	255	18755	46.58	NA	1	3	97.4	97.4	0.0	0.8	1.8	1706	21202838	16115552	54.7
SOIL_580-4_L_NEW_CPA0062.AAFTF	702	27229403	501	589029	8752	38788.32	58	141361	227	24261	46.56	NA	2	2	97.2	97.2	0.0	0.8	2.0	1706	31283302	24062565	82.2
SOIL_582-1_S_NEW_CPA0065.AAFTF	6	14522	526	8029	1226	2420.33	1	8029	4	1215	42.06	NA	NA	NA	NA	NA	NA	NA	NA	NA	8540652	99219	635.4
SOIL_604-1_L_OLD_CPA066.AAFTF	4	25666	1773	9982	7962	6416.50	2	7962	3	5949	39.67	NA	NA	NA	NA	NA	NA	NA	NA	NA	18334044	520186	1884.9
S_670.AAFTF	417	27197754	519	480117	38290	65222.43	65	128635	206	39367	46.52	NA	2	3	97.4	97.4	0.0	0.8	1.8	1706	16554040	15468973	85.3
S_671.AAFTF	443	27197369	519	431496	34430	61393.61	67	125056	218	35936	46.52	NA	2	3	97.5	97.5	0.0	0.7	1.8	1706	13437454	12407406	68.4
S_672.AAFTF	725	27034942	515	238587	23119	37289.58	114	69637	375	21625	46.57	NA	1	3	97.2	97.2	0.0	0.8	2.0	1706	17306120	16194545	89.9
S_673.AAFTF	729	27159054	500	279335	20652	37255.22	110	73224	366	20649	46.55	NA	4	4	97.4	97.4	0.0	0.8	1.8	1706	18750194	16770507	92.6
S_674.AAFTF	455	27190983	506	493083	37797	59760.40	75	117886	231	36688	46.52	NA	1	6	97.5	97.5	0.0	0.9	1.6	1706	20195872	19312732	106.5
S_675.AAFTF	1276	27177554	503	235983	11225	21299.02	177	43989	632	11380	46.52	NA	4	8	96.8	96.8	0.0	1.5	1.8	1706	13020694	11987643	66.2
S_676.AAFTF	447	27184711	503	455481	35051	60815.91	66	121631	226	34611	46.52	NA	4	2	97.5	97.5	0.0	0.8	1.7	1706	13290856	12607208	69.6
S_739.AAFTF	362	27159836	519	522630	39925	75027.17	48	160209	168	43349	46.53	NA	6	NA	97.5	97.5	0.0	0.9	1.6	1706	20012476	18838670	104.0
S_740.AAFTF	546	27128047	502	385066	27771	49685.07	82	105437	268	29174	46.54	NA	8	3	97.5	97.5	0.0	0.8	1.7	1706	24557438	22671316	125.4
S_741.AAFTF	562	27075955	502	369861	30772	48177.86	87	97152	288	29092	46.53	NA	5	5	97.1	97.1	0.0	0.9	2.1	1706	16729472	15514082	85.9
S_742.AAFTF	399	27092864	506	375064	39896	67901.91	64	143577	190	43102	46.60	NA	2	3	97.6	97.6	0.0	0.8	1.6	1706	23819820	22548993	124.8
San_Antonio_1.AAFTF	422	27477635	500	992795	8077	65112.88	30	317127	110	45538	46.55	NA	3	3	97.8	97.8	0.0	0.6	1.6	1706	22937882	21098168	76.8
San_Diego_1.AAFTF	440	27687384	502	919081	9137	62925.87	34	238201	130	49049	46.37	NA	3	3	97.4	97.4	0.0	0.9	1.8	1706	14594492	13640778	49.3
Sonora_1.AAFTF	652	27387647	500	751872	4035	42005.59	40	220031	156	33519	46.70	NA	9	3	97.4	97.4	0.0	0.8	1.8	1706	13003358	11417229	41.7
Sonora_2.AAFTF	681	27542969	502	594616	4664	40444.89	40	232248	162	28467	46.52	NA	1	3	97.4	97.4	0.0	0.7	1.9	1706	9343230	8265951	30.0
TX1.AAFTF	429	27457570	501	715410	24954	64003.66	47	163307	170	38462	46.54	NA	2	2	97.6	97.6	0.0	0.7	1.7	1706	31415528	27442421	125.9
TX11.AAFTF	1	8063	8063	8063	8063	8063.00	1	8063	1	8063	51.53	NA	NA	NA	NA	NA	NA	NA	NA	NA	8929140	101922	1175.6
TX12.AAFTF	1038	27383964	500	491402	3422	26381.47	64	128452	274	16782	46.42	NA	2	2	97.6	97.6	0.0	0.8	1.6	1706	14146560	12264811	41.7
TX13.AAFTF	347	49951222	505	2561996	14277	143951.65	23	592861	89	126840	49.86	NA	2	1	98.3	97.7	0.6	0.6	1.1	1706	55426130	48609609	122.6
TX14.AAFTF	757	27282350	500	644212	5621	36040.09	47	156240	205	25312	46.50	NA	4	2	97.8	97.8	0.0	0.6	1.6	1706	15361764	13413013	45.7
TX17.AAFTF	355	26861575	500	601386	32745	75666.41	46	163365	154	51276	46.65	NA	2	NA	97.7	97.7	0.0	0.7	1.6	1706	46280544	40040532	187.8
TX2.AAFTF	432	27200881	500	834665	11454	62965.00	35	223337	133	44690	46.64	NA	2	1	97.4	97.4	0.0	0.6	2.0	1706	54272138	46793161	160.0
TX3.AAFTF	317	27378272	504	542945	48241	86366.79	49	183084	152	50761	46.48	NA	2	1	97.6	97.6	0.0	0.8	1.6	1706	36250088	30644841	141.0
TX4.AAFTF	491	27476078	500	480656	22108	55959.43	60	143485	200	36287	46.50	NA	3	NA	97.4	97.4	0.0	0.9	1.7	1706	25476030	22451558	103.0
TX5.AAFTF	372	27410441	503	651155	37793	73683.98	49	172655	173	42282	46.42	NA	NA	2	95.8	95.8	0.0	1.0	3.2	1706	48543566	42107987	193.6
TX6.AAFTF	665	27720497	500	620112	6971	41684.96	47	169062	192	29137	46.61	NA	3	1	97.4	97.4	0.0	0.9	1.7	1706	27227764	24783688	83.1
TX7.AAFTF	8	24119	513	7021	1660	3014.88	2	6784	5	1382	47.72	NA	NA	NA	NA	NA	NA	NA	NA	NA	17515238	267817	1032.7
TX8.AAFTF	1034	26841662	500	441963	4416	25959.05	64	128255	292	15121	46.70	NA	6	2	97.4	97.4	0.0	0.8	1.8	1706	17643962	12154101	42.1
TX9.AAFTF	517	26864240	503	843044	10098	51961.78	45	180554	169	36150	46.63	NA	2	1	97.7	97.7	0.0	0.6	1.7	1706	23145574	18605718	64.4
Tucson_1.AAFTF	447	27727418	501	1452389	8319	62030.02	27	282259	123	43015	46.46	NA	3	NA	97.7	97.7	0.0	0.6	1.7	1706	17401558	16072248	58.0
Tucson_10.AAFTF	414	27106566	501	967366	8215	65474.80	30	276218	109	55440	46.57	NA	1	3	97.2	97.2	0.1	0.7	2.1	1706	28267782	25633060	94.6
Tucson_11.AAFTF	454	27601274	500	906725	8749	60795.76	33	255134	131	45924	46.38	NA	1	NA	97.5	97.5	0.0	0.9	1.6	1706	37301892	34801516	126.1
Tucson_12.AAFTF	451	27167628	501	1470557	5969	60238.64	26	319254	102	44579	46.58	NA	3	2	96.4	96.4	0.0	0.8	2.8	1706	29597214	27130102	99.9
Tucson_13.AAFTF	383	27145462	500	1686661	8417	70875.88	23	346671	92	49788	46.59	NA	5	2	97.6	97.6	0.0	0.7	1.7	1706	15114830	14023912	51.7
Tucson_14.AAFTF	458	27330102	501	1127523	5883	59672.71	25	344919	107	43981	46.61	NA	1	4	97.7	97.7	0.0	0.6	1.7	1706	10162322	9449556	34.6
Tucson_15.AAFTF	478	27430526	500	823257	6692	57386.04	31	252204	126	45246	46.46	NA	2	1	97.6	97.6	0.0	0.7	1.7	1706	9540294	8962766	32.7
Tucson_16.AAFTF	389	27726493	500	1078232	11837	71276.33	30	256490	113	51107	46.50	NA	2	3	97.7	97.7	0.0	0.7	1.6	1706	19329842	18113766	65.3
Tucson_17.AAFTF	429	27310874	500	1114427	6962	63661.71	26	310878	105	48683	46.59	NA	2	4	97.7	97.7	0.0	0.7	1.6	1706	15793824	14676105	53.7
Tucson_18.AAFTF	509	27525960	500	665997	7855	54078.51	33	255903	141	39271	46.37	NA	1	NA	96.4	96.4	0.0	0.7	2.9	1706	10541100	9823151	35.7
Tucson_19.AAFTF	408	27125004	501	1045389	8359	66482.85	29	275309	109	45618	46.42	NA	1	1	96.5	96.5	0.0	0.6	2.9	1706	20129350	18325139	67.6
Tucson_2.AAFTF	408	27901639	501	1073255	8304	68386.37	26	352957	97	47383	46.24	NA	1	NA	96.0	96.0	0.0	0.8	3.2	1706	18621870	17252551	61.8
Tucson_20.AAFTF	453	27554180	500	1569343	7461	60826.00	26	318729	109	43030	46.42	NA	1	NA	97.4	97.4	0.0	0.6	2.1	1706	14990224	13741889	49.9
Tucson_21.AAFTF	357	27430941	503	976703	11745	76837.37	27	320027	97	56161	46.43	NA	NA	1	97.5	97.5	0.0	0.8	1.7	1706	36706758	34039926	124.1
Tucson_22.AAFTF	520	27075601	501	1064262	5428	52068.46	27	301140	119	37703	46.51	NA	3	NA	97.0	97.0	0.0	0.8	2.2	1706	9387358	8711382	32.2
Tucson_23.AAFTF	348	26774906	503	1174696	7555	76939.39	19	415293	79	61148	46.57	NA	4	1	97.2	97.2	0.0	0.7	2.1	1706	16776898	15561476	58.1
Tucson_24.AAFTF	531	27561962	501	679810	7264	51905.77	39	216949	147	37524	46.52	NA	3	2	97.6	97.4	0.2	0.8	1.6	1706	46818616	40788145	148.0
Tucson_3.AAFTF	419	27324022	500	1015953	7733	65212.46	29	284632	114	55822	46.63	NA	1	1	97.8	97.8	0.0	0.6	1.6	1706	66301038	61249606	224.2
Tucson_4.AAFTF	329	27380100	501	1014194	12708	83222.19	23	366915	96	62670	46.58	NA	3	3	97.8	97.8	0.0	0.6	1.6	1706	28006864	26009841	95.0
Tucson_5.AAFTF	389	27435546	501	978260	7348	70528.40	26	361612	94	51749	46.55	NA	NA	NA	97.6	97.6	0.0	0.7	1.7	1706	24756646	23064784	84.1
Tucson_6.AAFTF	434	26775414	501	1276027	6272	61694.50	25	346595	101	45255	46.63	NA	NA	NA	96.7	96.7	0.0	0.6	2.6	1706	14937504	13778345	51.5
Tucson_7.AAFTF	498	27989621	500	938790	5070	56204.06	30	292206	117	51935	46.29	NA	2	4	96.9	96.9	0.0	0.8	2.3	1706	29873872	27900192	99.7
Tucson_8.AAFTF	423	27178568	503	691425	9367	64251.93	35	265549	118	50831	46.55	NA	NA	1	97.5	97.1	0.4	0.6	1.9	1706	28380624	26251061	96.6
Tucson_9.AAFTF	325	26970197	504	923565	17403	82985.22	29	263208	103	60521	46.56	NA	1	2	97.5	97.4	0.1	0.6	1.9	1706	32225488	29555614	109.6
UCSF_10AZ.AAFTF	493	27207024	510	616816	17093	55186.66	53	145108	184	37628	46.46	NA	3	1	95.9	95.9	0.0	0.8	3.3	1706	13961724	12752878	70.8
UCSF_3490AZ.AAFTF	478	27507540	500	665946	25762	57547.15	60	138863	208	34708	46.45	NA	1	NA	96.5	96.5	0.0	0.9	2.6	1706	15390590	14380162	78.9
UCSF_5AZ.AAFTF	483	26736309	500	752437	13165	55354.68	48	178993	160	40236	46.68	NA	4	5	95.0	95.0	0.0	0.8	4.3	1706	16319330	15122609	85.4
UCSF_9AZ.AAFTF	318	27174587	500	544313	47374	85454.68	48	186693	146	53747	46.32	NA	3	4	94.6	94.6	0.0	0.9	4.5	1706	14223636	12509995	69.5
UCSF_Cp_Silveira.AAFTF	346	27125870	503	933761	24162	78398.47	35	250466	130	48937	46.64	NA	1	1	NA	NA	NA	NA	NA	NA	NA	NA	NA
UTAH_31331.AAFTF	581	27090559	501	530690	13679	46627.47	56	139593	207	30215	46.66	NA	3	1	97.1	97.1	0.0	0.8	2.2	1706	22156654	11476186	53.4
UTAH_350355.AAFTF	517	27313513	502	508110	18230	52830.78	54	147303	204	31150	46.69	NA	NA	NA	97.5	97.4	0.1	0.8	1.8	1706	19697120	18202142	84.0
UTAH_9443.AAFTF	1472	30767832	502	335401	4219	20902.06	113	75905	470	12562	45.47	NA	3	3	96.3	96.3	0.0	1.5	2.2	1706	16923810	13312068	64.9
UTAH_9737.AAFTF	440	26882124	505	544752	25700	61095.74	51	157690	183	41139	46.61	NA	1	5	96.3	96.3	0.0	0.9	2.8	1706	9436824	8245979	46.0
VFC043.AAFTF	337	28002618	502	847368	20452	83093.82	36	244621	118	57415	46.32	NA	1	NA	97.5	97.4	0.1	0.8	1.7	1706	17610750	16265217	73.2
VFC052.AAFTF	335	27308257	500	1094496	20146	81517.19	32	296628	119	59889	46.46	NA	NA	NA	97.7	97.7	0.0	0.8	1.6	1706	15463814	14116360	65.1
VFC054_7SA.AAFTF	2	13017	5185	7832	7832	6508.50	1	7832	2	5185	50.63	NA	NA	NA	NA	NA	NA	NA	NA	NA	3151872	40089	388.0
VFC083.AAFTF	2245	27013744	500	148692	3900	12032.85	235	34608	932	5771	46.86	NA	4	4	96.5	96.4	0.1	1.3	2.2	1706	18850394	7791154	36.3
VFC084_CPA0067.AAFTF	2042	26481989	501	164442	4947	12968.65	234	33178	922	5839	46.99	NA	6	2	96.8	96.4	0.4	1.3	1.9	1706	18472924	7059596	33.6
VFC085_CPA0068.AAFTF	866	27646582	500	612332	4529	31924.46	52	182095	218	19498	46.37	NA	NA	NA	96.4	96.4	0.0	0.8	2.8	1706	16249638	14694744	67.0
VFC087.AAFTF	1035	27058902	500	862283	3730	26143.87	51	141492	244	14988	46.63	NA	3	4	97.7	97.5	0.2	0.6	1.7	1706	19102404	16914786	78.8
VFC088.AAFTF	484	26338059	502	1052966	10711	54417.48	40	188057	152	34810	46.76	NA	1	2	96.3	96.3	0.0	0.8	2.9	1706	23648002	22194580	106.2
VFC090.AAFTF	1459	25875903	500	518466	1483	17735.37	55	132407	215	18218	47.18	NA	4	4	97.6	97.6	0.0	0.8	1.6	1706	11900368	10829341	52.7
VFC091.AAFTF	639	26758633	502	376584	8995	41875.79	67	133780	214	32966	46.70	NA	2	5	97.5	97.5	0.0	0.8	1.6	1706	12359244	5096484	24.0
VFC092.AAFTF	701	26804169	502	569143	7332	38237.05	58	132705	223	27310	46.72	NA	4	3	97.5	97.5	0.0	0.6	1.8	1706	8305198	3911693	18.4
VFC093.AAFTF	453	26616477	505	840618	12258	58756.02	39	203889	144	44110	46.77	NA	2	2	97.5	97.5	0.0	0.6	1.8	1706	13026306	12356033	58.5
WA31.AAFTF	404	27290264	503	775433	18716	67550.16	40	205308	143	48429	46.55	NA	3	2	96.6	96.6	0.0	0.8	2.6	1706	39903156	38270542	211.8
WA_211.AAFTF	990	27194867	518	332802	13786	27469.56	130	60735	469	15369	46.58	NA	5	1	96.6	96.6	0.0	1.4	2.0	1706	5644892	4975559	55.1
WA_221.AAFTF	1502	27247894	521	276387	8119	18141.07	193	40778	719	8723	46.57	NA	3	6	96.0	96.0	0.0	1.6	2.3	1706	2824636	2449807	27.1
Washington_1.AAFTF	1101	27261114	518	296149	11443	24760.32	147	56483	514	13038	46.53	NA	4	2	96.3	96.3	0.0	1.3	2.4	1706	8419742	7653928	70.5
h5384.AAFTF	831	27250009	501	510931	6700	32791.83	70	111338	267	22608	46.45	NA	6	2	97.3	97.3	0.0	0.8	1.9	1706	13861230	3950386	18.3
