M192.AAFTF	708	59303447	501	9097297	16538	83761.93	6	490625	216	46711	45.10	NA	10	9	98.6	10.3	88.3	0.6	0.8	1706	20947494	17237953	43.6
NM_0071.AAFTF	734	58055723	501	9117817	17477	79094.99	5	1490354	228	39007	45.33	NA	7	10	98.4	8.7	89.7	0.7	0.9	1706	17336948	14818550	38.3
TX13.AAFTF	338	49952122	505	6609650	12614	147787.34	16	665252	80	126840	49.86	NA	2	1	98.3	97.7	0.6	0.6	1.1	1706	55426130	48609609	122.6
COCPO_34698.AAFTF	862	34292646	501	8471506	4500	39782.65	3	5794868	147	16827	48.67	NA	NA	3	97.4	97.2	0.1	1.0	1.6	1706	15737670	14048407	51.6
FMC778.AAFTF	1401	33478821	500	8083504	1358	23896.37	3	6421561	101	15431	45.00	NA	2	7	97.2	97.1	0.1	0.9	1.9	1706	13282344	5788865	25.9
B11863.AAFTF	378	31269809	502	8143330	1357	82724.36	3	4083354	8	325559	48.34	NA	NA	1	95.8	95.8	0.1	1.5	2.7	1706	6373134	5630061	54.2
UTAH_9443.AAFTF	770	30838032	502	8288598	1568	40049.39	2	7912078	6	56615	45.36	NA	2	3	96.3	96.3	0.0	1.5	2.2	1706	16923810	13312068	64.8
NM_4708.AAFTF	303	30666893	501	9269634	7099	101210.87	2	7288641	14	51669	45.18	NA	1	3	96.9	96.8	0.1	0.7	2.4	1706	15255958	13693980	67.0
409B-0_L_OLD_CPA0011.AAFTF	1549	30329780	500	8364822	804	19580.23	2	7636739	19	19269	45.13	NA	5	5	94.2	94.0	0.2	3.0	2.8	1706	22733462	20085205	83.4
NM_3006.AAFTF	267	30097649	507	8227952	8737	112725.28	2	7847774	15	48273	45.41	NA	1	1	97.5	97.5	0.1	0.8	1.6	1706	13694948	12486832	62.2
GT-111.AAFTF	654	29382758	500	8170351	1462	44927.76	3	3789037	6	3179016	45.71	NA	NA	1	97.4	97.4	0.0	0.8	1.8	1706	17442050	16232934	69.6
SDVA41.AAFTF	64	29192451	500	8391847	1224	456132.05	3	4384662	6	3502199	45.85	NA	NA	1	97.1	97.1	0.0	1.1	1.8	1706	9067606	8104112	41.6
B0858-Guatemala.AAFTF	287	29129406	502	8304108	996	101496.19	2	8273765	4	3325445	46.11	NA	1	1	96.5	96.5	0.1	1.5	2.0	1706	5976910	4982700	51.5
B17554.AAFTF	322	29013557	503	7882593	1574	90104.21	3	3700529	6	3292574	46.01	1	1	1	96.8	96.7	0.1	1.2	2.0	1706	13371308	11596833	100.3
SDVA48.AAFTF	62	29001951	517	8227593	1170	467773.40	3	4239390	6	3213935	45.90	NA	NA	NA	97.0	97.0	0.0	1.1	2.0	1706	13838140	11727189	60.7
730333_Guatemala.AAFTF	347	28975361	501	8176810	1288	83502.48	2	8126512	5	1408390	46.04	NA	NA	2	95.8	95.8	0.0	2.1	2.1	1706	2930262	2650428	27.5
730332_Guatemala.AAFTF	342	28969310	503	8479313	1142	84705.58	2	8049969	5	1370200	46.06	NA	1	1	96.1	96.1	0.0	1.8	2.1	1706	3176280	2979571	31.0
CA6.AAFTF	487	28961406	501	8282716	1341	59469.01	3	3979532	6	3065352	45.96	NA	1	NA	97.6	97.4	0.2	0.7	1.7	1706	78693152	58995576	189.4
M197.AAFTF	1128	28877372	482	8760636	740	25600.51	2	8540447	4	3182980	45.99	NA	3	NA	97.4	97.4	0.0	0.8	1.9	1706	11802708	10342394	53.7
NACVFR_4542.AAFTF	760	28849844	500	8455266	708	37960.32	2	8145482	5	1323672	46.43	NA	NA	NA	97.1	97.1	0.0	0.8	2.1	1706	12748332	10610454	46.3
B1249_Guatemala.AAFTF	244	28773821	500	8257249	1002	117925.50	2	8044512	5	1413608	46.15	NA	NA	1	96.5	96.5	0.0	1.5	1.9	1706	5811272	4758051	49.8
SA14.AAFTF	345	28758934	501	8308637	2185	83359.23	2	8307993	5	1333544	46.33	NA	2	1	97.4	97.2	0.2	0.8	1.8	1706	19066498	17389871	76.2
SDVA5.AAFTF	57	28689832	503	8284417	1176	503330.39	3	4305410	6	3324173	46.05	NA	1	2	96.8	96.8	0.0	0.9	2.3	1706	29334002	24145197	126.2
SDVA44.AAFTF	62	28685045	505	8512649	731	462662.02	3	4263577	6	3404884	45.94	NA	2	NA	96.5	96.5	0.0	1.2	2.2	1706	9912770	7503045	39.2
409B-0_S_OLD_CPA0012.AAFTF	752	28672137	500	8668878	1108	38127.84	2	8208398	5	1470956	45.97	NA	NA	2	97.3	97.2	0.1	0.8	1.9	1706	20900174	16437641	72.2
RS.AAFTF	43	28595335	500	8435537	788	665007.79	3	4265819	6	3367865	46.08	NA	2	NA	97.2	97.2	0.0	0.8	2.0	1706	9058306	8211635	43.1
B10919.AAFTF	389	28564463	500	8393640	802	73430.50	2	7943466	4	3386229	45.77	NA	1	1	96.4	96.2	0.2	1.3	2.3	1706	7724362	5218358	55.0
NACVFR_2566.AAFTF	473	28517444	500	8197271	1824	60290.58	2	7622164	5	1376081	46.17	NA	NA	1	96.3	96.3	0.0	1.5	2.2	1706	5379780	4602786	20.3
COCSP-3505.AAFTF	798	28516410	500	7943631	1010	35734.85	3	3699066	6	3275050	46.65	NA	4	2	91.9	86.5	5.4	3.6	4.5	1706	14313070	8779670	38.8
CA26.AAFTF	326	28503469	502	8407695	1197	87433.95	3	4037990	6	3228690	46.01	NA	NA	NA	97.5	97.5	0.0	0.8	1.8	1706	14316414	11781281	38.4
B3246.AAFTF	53	28457475	502	9034257	1893	536933.49	2	8641791	4	3481160	46.18	NA	2	2	97.5	97.5	0.0	0.6	1.8	1706	20178710	19187844	101.8
SDVA6.AAFTF	72	28457321	502	7865415	1260	395240.57	3	3926344	6	3369155	46.20	NA	2	1	96.5	96.5	0.0	0.8	2.7	1706	16197636	13598556	71.7
B12219.AAFTF	46	28452456	501	8672900	1610	618531.65	3	4063646	6	3174765	46.22	NA	2	NA	97.1	97.1	0.1	0.9	2.0	1706	13494182	12174227	107.4
B11343.AAFTF	58	28424780	510	8386382	805	490082.41	3	3984901	6	3388863	45.92	NA	1	1	96.0	96.0	0.0	1.5	2.5	1706	7576712	6629801	70.2
COCPO_4545.AAFTF	460	28398762	500	8378994	1044	61736.44	2	7750866	5	1156270	46.37	NA	1	NA	97.5	97.5	0.0	0.9	1.6	1706	15772676	13666417	60.6
SDVA39.AAFTF	60	28356646	516	8400474	1159	472610.77	3	4048356	6	3455917	46.14	NA	NA	NA	97.7	97.7	0.0	0.7	1.6	1706	27272164	24551238	129.9
B3489.AAFTF	63	28334965	504	9316327	1071	449761.35	2	8814210	4	2864999	46.05	NA	4	1	96.3	96.3	0.0	0.6	3.0	1706	15912256	14288676	76.1
J_TORRES.AAFTF	242	28334076	503	8372645	2008	117082.96	2	7413270	5	1586947	46.24	NA	NA	1	96.8	96.8	0.0	0.7	2.5	1706	25436116	22410256	99.7
B12226.AAFTF	77	28320553	515	8443553	907	367799.39	2	8054474	4	3573138	46.11	NA	1	NA	97.4	97.4	0.0	0.8	1.8	1706	13172806	10949790	97.0
21SD.AAFTF	107	28302777	500	8010264	2644	264511.93	3	3980264	6	3389052	46.10	NA	2	NA	96.5	96.5	0.0	1.1	2.3	1706	20027506	18034554	80.3
B11518.AAFTF	175	28279360	505	8054252	1384	161596.34	3	3828050	6	3194282	46.12	NA	1	NA	95.8	95.8	0.0	1.5	2.7	1706	20853760	6966480	74.1
B3290.AAFTF	89	28266174	509	9348518	1278	317597.46	2	7333235	4	3071612	46.25	NA	NA	1	97.2	97.2	0.0	0.8	2.1	1706	17692282	16874654	90.1
407-1_S_OLD_CPA0004.AAFTF	216	28265760	500	8657823	1595	130860.00	2	7833325	4	3131500	46.18	NA	NA	NA	97.7	97.7	0.0	0.6	1.7	1706	14533784	13120714	58.5
B12526.AAFTF	64	28260434	501	8799897	823	441569.28	3	4269969	6	3253042	46.23	NA	NA	NA	97.1	97.0	0.1	1.0	1.9	1706	12608984	10912112	96.9
SDVA17.AAFTF	60	28245389	501	8066559	791	470756.48	3	4150348	6	3349126	46.23	NA	1	1	96.8	96.8	0.0	0.8	2.5	1706	32425418	27128512	144.1
B14286.AAFTF	110	28230707	512	7667331	1217	256642.79	3	4073503	6	3346660	46.41	NA	NA	NA	96.7	96.7	0.0	0.9	2.5	1706	9378050	8373509	74.4
B10917.AAFTF	97	28229280	500	8255088	1227	291023.51	2	7697887	4	3921938	46.01	NA	1	1	96.5	96.5	0.0	1.5	1.9	1706	5343162	4644795	49.5
B3353.AAFTF	182	28209993	511	8420159	1971	154999.96	2	8035025	4	3256745	46.24	NA	3	5	97.5	97.5	0.0	0.8	1.7	1706	17269084	16696269	89.4
GT-017.AAFTF	115	28191844	502	8286622	1319	245146.47	2	8112740	4	3227480	45.98	NA	1	NA	96.0	96.0	0.0	1.4	2.6	1706	3644450	3031948	32.4
B17567.AAFTF	306	28190577	509	8052719	721	92126.07	3	3912853	6	3464174	46.18	NA	1	NA	96.4	96.2	0.1	1.3	2.3	1706	10666908	9553746	85.1
SDVA36.AAFTF	67	28178592	502	7928503	895	420576.00	3	4120143	6	3147362	46.22	NA	1	NA	96.4	96.4	0.0	0.8	2.8	1706	13369834	11351232	60.4
B3344.AAFTF	89	28157963	505	9221202	1237	316381.61	2	7978241	4	2605594	46.13	NA	2	3	96.0	96.0	0.0	1.0	3.0	1706	16963384	16018752	85.9
COCSP-8945.AAFTF	81	28148289	501	8299813	1374	347509.74	3	3973913	6	3121610	46.22	NA	NA	NA	97.4	97.4	0.0	0.8	1.9	1706	9277664	7703129	41.0
SDVA15.AAFTF	60	28144263	500	8574183	867	469071.05	3	4011601	6	3182873	46.21	NA	NA	1	97.2	97.2	0.0	1.1	1.8	1706	20916532	18499465	98.6
B10757_Nevada.AAFTF	85	28129783	500	8639853	2051	330938.62	2	7552813	4	3573763	46.04	NA	1	NA	96.4	96.4	0.0	1.5	2.2	1706	4687976	4153939	44.4
CA29.AAFTF	131	28125521	501	8925592	1905	214698.63	2	5244036	6	2754858	46.26	NA	NA	NA	97.4	97.3	0.1	0.9	1.7	1706	13735016	9493458	42.5
Michoacan_1.AAFTF	79	28125302	502	8328803	2123	356016.48	2	7568467	4	3455376	46.31	NA	1	1	96.6	96.6	0.0	1.4	2.0	1706	10348926	8912046	79.5
B12402.AAFTF	147	28067118	501	8418392	900	190932.78	2	8146460	4	3543777	46.22	NA	1	2	97.2	97.2	0.0	0.8	1.9	1706	5764806	4664477	41.7
B3227.AAFTF	86	28067051	501	8782109	1068	326361.06	2	8250907	4	3371798	46.35	NA	1	3	97.5	96.8	0.6	0.9	1.6	1706	18405774	17411846	93.7
B11198.AAFTF	97	28066699	501	8437288	841	289347.41	3	3746766	6	3411225	46.23	NA	NA	NA	97.1	97.0	0.1	0.9	2.0	1706	18977658	16704265	149.4
B17635.AAFTF	145	28066213	513	8012211	742	193560.09	3	3824069	6	3386103	46.17	NA	1	NA	96.2	96.2	0.0	1.1	2.6	1706	9816078	8925922	79.8
SDVA3.AAFTF	88	28058888	502	8517859	933	318851.00	3	3694141	6	3348871	46.35	NA	NA	1	96.3	96.2	0.1	0.9	2.8	1706	26787324	22858508	122.2
B14135.AAFTF	44	28054083	513	7984058	976	637592.80	3	3970009	6	3502742	46.17	NA	NA	NA	97.1	97.0	0.1	0.9	2.0	1706	18354638	16555877	148.1
B11587.AAFTF	46	28048076	519	8068228	872	609740.78	3	4020432	6	3331671	46.09	NA	1	NA	96.4	96.4	0.0	1.3	2.3	1706	7010654	5650126	60.6
GT-118.AAFTF	479	28045784	500	7666091	1191	58550.70	3	3851319	6	3355791	46.24	NA	2	NA	97.4	97.4	0.0	0.7	1.9	1706	14037632	10145860	33.6
GT-128.AAFTF	113	28041050	504	7732245	1083	248150.88	3	4352267	6	3276240	46.27	NA	1	1	97.7	97.6	0.1	0.8	1.6	1706	17042492	16441390	73.9
VFC043.AAFTF	87	28027618	502	8952392	1892	322156.53	3	4130321	6	3065529	46.28	NA	NA	NA	97.5	97.4	0.1	0.8	1.7	1706	17610750	16265217	73.1
B3420.AAFTF	93	28022105	502	8492525	1046	301312.96	2	7653690	4	3713905	46.23	NA	NA	NA	97.7	97.7	0.0	0.7	1.6	1706	20201216	19115609	103.0
Tucson_7.AAFTF	262	28013221	500	8300544	1082	106920.69	2	7001196	4	3815256	46.25	NA	1	1	96.9	96.9	0.0	0.8	2.3	1706	29873872	27900192	99.6
407-0_S_OLD_CPA0002.AAFTF	244	28011740	500	8646614	994	114802.21	2	7523439	4	3581082	46.14	NA	1	NA	96.3	96.3	0.0	0.6	3.0	1706	20830152	17853788	80.3
5SD.AAFTF	131	28011442	503	8361422	2095	213827.80	3	3804754	6	3336283	46.19	NA	2	1	96.2	96.2	0.1	1.3	2.5	1706	23572452	17500184	78.7
M195.AAFTF	98	28008535	502	8302506	1107	285801.38	2	7938262	4	3550110	46.36	NA	NA	2	97.4	97.4	0.0	0.9	1.7	1706	16529820	13612552	72.9
SJV_10.AAFTF	63	28000300	507	7979468	914	444449.21	3	3830452	6	3468755	46.10	NA	1	1	96.1	96.0	0.1	1.3	2.6	1706	8194748	7559377	67.8
B14292.AAFTF	93	27996000	501	8598285	756	301032.26	2	7869214	4	3415678	46.13	NA	NA	1	97.4	97.4	0.0	1.0	1.6	1706	10155616	8995268	80.6
B0727_Argentina.AAFTF	78	27993173	500	7966049	1548	358886.83	3	3855005	6	3344827	46.07	NA	NA	1	96.0	96.0	0.0	1.5	2.5	1706	3980360	3153376	33.9
SDVA8.AAFTF	120	27990623	503	8491128	2682	233255.19	2	7889774	4	3408163	46.35	NA	NA	3	97.6	97.6	0.0	0.6	1.8	1706	13408542	12057169	64.6
4545-MICE.AAFTF	198	27986653	510	8515736	2548	141346.73	2	7808917	4	3469079	46.21	NA	1	NA	93.2	93.1	0.1	0.9	5.9	1706	53740800	46675851	210.1
GT-107.AAFTF	118	27984390	505	7668364	1517	237155.85	3	4112395	6	3497403	46.38	NA	NA	2	97.5	97.5	0.0	0.8	1.6	1706	17162416	15851474	71.4
B3358.AAFTF	126	27976450	500	8422438	1055	222035.32	2	7741530	4	3042662	46.29	NA	NA	NA	97.5	97.5	0.0	0.7	1.8	1706	19209102	18030768	97.3
B14291.AAFTF	196	27969569	503	8725669	729	142701.88	2	8108323	4	3278949	46.09	NA	NA	NA	96.8	96.8	0.0	1.1	2.1	1706	4959086	4242727	38.1
GT-120.AAFTF	205	27964419	500	8012043	1078	136411.80	2	8007717	4	3374346	46.44	NA	1	NA	97.5	97.5	0.0	0.7	1.8	1706	25384090	23773247	107.1
CA8.AAFTF	120	27929410	502	8243802	2331	232745.08	3	3782889	6	3207486	46.31	NA	NA	1	97.4	97.4	0.0	0.9	1.7	1706	19327468	16315994	73.6
Tucson_2.AAFTF	213	27921139	501	8376409	2569	131085.16	2	8348642	4	3132452	46.21	NA	1	NA	96.0	96.0	0.0	0.8	3.2	1706	18621870	17252551	61.8
B3315.AAFTF	74	27918217	514	8810482	1797	377273.20	2	7311580	4	3154612	46.22	NA	5	2	96.8	96.8	0.0	0.8	2.3	1706	16247188	15595594	84.4
B15146.AAFTF	65	27907839	500	8429493	853	429351.37	3	4095059	6	3098312	46.36	NA	1	NA	97.1	97.1	0.0	0.9	2.1	1706	11389062	10419370	93.7
GT-119.AAFTF	91	27900721	503	8064894	2519	306601.33	3	4187524	6	2730304	46.33	NA	2	NA	97.4	97.3	0.1	0.9	1.8	1706	11444882	10346780	46.7
B3439.AAFTF	82	27900001	504	8554358	1776	340243.91	2	8357386	4	3161269	46.23	NA	9	2	97.7	97.7	0.0	0.6	1.7	1706	19560512	18444732	99.8
CA24.AAFTF	58	27896128	505	8828286	2304	480967.72	2	5136824	6	3164818	46.36	NA	NA	NA	97.3	97.2	0.1	0.8	1.9	1706	54927140	45509521	205.6
Coahuila_1.AAFTF	51	27895162	517	8160645	948	546963.96	3	3951657	6	3307505	46.12	NA	1	1	96.4	96.4	0.0	1.2	2.4	1706	9240224	7942184	71.5
B3314.AAFTF	67	27893922	506	7836088	927	416327.19	2	7588535	4	3498752	46.34	NA	1	3	97.5	97.5	0.0	0.7	1.8	1706	23057926	22278091	120.6
B16531.AAFTF	71	27880095	505	8429792	801	392677.39	2	8100453	4	3584286	46.12	NA	NA	NA	96.7	96.7	0.0	0.8	2.5	1706	13230556	11824754	106.5
COCPO_Galgiani.AAFTF	34	27867308	515	8837009	804	819626.71	2	7370048	4	3533622	46.46	NA	NA	NA	97.5	97.5	0.0	0.9	1.6	1706	47056404	37315230	202.2
B14134.AAFTF	62	27865042	500	8643839	997	449436.16	2	8107698	4	3352221	46.36	1	5	2	96.9	96.9	0.0	1.1	2.1	1706	15410242	13492759	121.5
GT-132.AAFTF	104	27848195	501	7961282	901	267771.11	3	4326928	6	3105402	46.32	NA	NA	NA	97.6	97.6	0.0	0.8	1.6	1706	13939176	12852219	58.2
GT-113.AAFTF	69	27837545	501	7814716	2521	403442.68	3	4174564	6	3072868	46.24	NA	NA	1	97.6	97.6	0.0	0.8	1.6	1706	41967912	38818671	175.7
GT-108.AAFTF	148	27830885	502	7499362	909	188046.52	3	4042809	6	2972496	46.36	NA	1	1	97.3	97.2	0.1	0.9	1.8	1706	18872584	17990842	81.5
B3215.AAFTF	103	27827752	500	7943920	1162	270172.35	2	7920712	4	3173586	46.40	NA	1	4	97.5	97.5	0.0	0.7	1.8	1706	19940904	19093254	103.6
CA2.AAFTF	217	27822890	501	8176755	1137	128216.08	3	4035580	6	3078981	46.29	NA	NA	NA	97.4	97.4	0.0	0.8	1.8	1706	21615146	18390286	61.5
GT-169.AAFTF	369	27818214	500	8116308	1159	75388.11	3	3661839	6	3221704	46.28	NA	NA	1	97.4	97.4	0.0	0.8	1.9	1706	14392492	12463720	41.7
GT-163.AAFTF	269	27816350	502	7626059	1333	103406.51	3	3792245	6	3335182	46.24	NA	3	1	97.0	96.9	0.1	1.0	2.1	1706	3758706	3078736	13.9
B16692.AAFTF	118	27811858	503	7941785	1052	235693.71	3	4013681	6	3176630	46.50	NA	2	1	96.3	96.3	0.0	1.2	2.5	1706	14776724	13319020	120.2
B16339.AAFTF	54	27805643	501	8040192	1037	514919.31	3	3965108	6	2992142	46.29	NA	NA	NA	96.7	96.7	0.0	0.8	2.5	1706	15102750	13007278	117.4
GT-114.AAFTF	97	27788594	501	8570776	1834	286480.35	3	4063270	6	2999761	46.26	NA	1	NA	97.6	97.6	0.0	0.9	1.5	1706	10614950	9367088	42.5
B11057.AAFTF	58	27782489	500	7977113	947	479008.43	3	4217783	6	3181836	46.29	NA	NA	NA	96.8	96.8	0.0	1.2	2.1	1706	11736660	10696966	96.6
CA5.AAFTF	40	27782463	507	7774616	3378	694561.57	3	3985492	6	3656628	46.14	NA	NA	NA	95.5	95.5	0.0	1.1	3.4	1706	64740060	59544595	270.0
B3374.AAFTF	71	27779737	506	8711575	1091	391263.90	2	7999571	4	3106895	46.17	NA	1	5	96.9	96.9	0.0	0.8	2.3	1706	18895236	17767150	96.6
SJV_1.AAFTF	247	27778947	500	8166170	1303	112465.37	3	3982984	6	2992045	46.42	NA	NA	1	97.6	97.5	0.1	0.8	1.6	1706	6790784	6328514	22.8
B15257.AAFTF	34	27777833	509	7369157	1009	816995.09	3	4208815	6	3235572	46.25	NA	1	NA	96.6	96.5	0.1	0.9	2.5	1706	8168326	7267199	65.7
B11400.AAFTF	250	27775022	510	8335243	849	111100.09	2	7908380	4	3453943	46.15	NA	1	NA	96.4	96.4	0.0	1.6	2.1	1706	7453942	6436250	69.8
B3236.AAFTF	61	27773506	500	8680398	1216	455303.38	2	7743560	4	3328307	46.33	NA	3	NA	97.7	97.7	0.0	0.7	1.6	1706	16637654	15871461	86.3
B3203.AAFTF	79	27771869	501	9130149	810	351542.65	2	7222619	4	3445333	46.49	NA	NA	2	97.5	96.2	1.3	0.7	1.8	1706	16527600	15640890	85.0
Nuevo_Leon_2.AAFTF	62	27767775	513	8310402	2084	447867.34	2	8228944	4	3262992	46.28	NA	NA	2	96.5	96.5	0.0	1.5	2.0	1706	10617576	9018243	81.5
CA30.AAFTF	68	27766396	500	8120671	906	408329.35	3	4159707	6	2972370	46.28	NA	NA	NA	97.3	97.3	0.0	0.9	1.8	1706	33104460	29165520	132.3
TX6.AAFTF	304	27756597	500	8317676	1526	91304.60	2	8012261	4	3066183	46.54	NA	3	NA	97.4	97.4	0.0	0.9	1.7	1706	27227764	24783688	83.0
SDVA26.AAFTF	68	27756208	500	8973773	1399	408179.53	2	7822218	4	3535240	46.32	NA	NA	1	97.5	97.5	0.0	0.7	1.8	1706	21454304	18549276	100.2
B3228.AAFTF	107	27756142	509	8433280	975	259403.20	2	7979521	4	3733240	46.35	NA	NA	NA	97.5	97.5	0.0	0.8	1.7	1706	18896160	17942413	97.6
CA9.AAFTF	94	27755401	503	8239104	2068	295270.22	3	3884416	6	3230978	46.36	NA	NA	NA	97.5	97.5	0.0	0.8	1.8	1706	11525380	10083202	45.8
4M3.AAFTF	199	27752163	505	7992333	1367	139458.11	3	3618467	6	3372815	46.19	NA	1	1	96.3	96.3	0.0	1.4	2.3	1706	9573016	9041099	41.0
Tucson_1.AAFTF	202	27751918	505	8178345	2339	137385.73	2	7608393	4	2787870	46.42	NA	3	NA	97.7	97.7	0.0	0.6	1.7	1706	17401558	16072248	57.9
Tucson_16.AAFTF	164	27748993	500	9552947	1916	169201.18	2	6850799	4	3124346	46.46	NA	1	2	97.7	97.7	0.0	0.7	1.6	1706	19329842	18113766	65.3
B3341.AAFTF	85	27739620	500	8745558	1647	326348.47	2	8318156	4	3190137	46.31	NA	2	1	97.1	97.0	0.1	0.7	2.2	1706	17916908	16618555	90.5
B11517.AAFTF	49	27735305	502	8178952	907	566026.63	3	3855565	6	3253153	46.24	NA	2	NA	96.1	96.1	0.0	1.0	2.9	1706	24207752	21623156	195.7
B14131.AAFTF	60	27727148	503	8104245	809	462119.13	3	4084121	6	2955624	46.24	NA	2	NA	96.5	96.5	0.0	1.2	2.2	1706	13727328	12030758	108.9
B15145.AAFTF	61	27724511	513	8185805	821	454500.18	3	4180060	6	3115236	46.19	NA	NA	1	95.2	95.2	0.0	0.9	3.9	1706	12837290	11526128	104.4
CA3.AAFTF	48	27723966	505	8293378	1455	577582.62	3	4134805	6	3126343	46.38	NA	1	NA	97.2	97.2	0.1	0.8	1.9	1706	37002752	34042675	154.7
CA27.AAFTF	122	27720452	504	7178203	962	227216.82	3	4005137	6	3493666	46.40	NA	NA	NA	97.2	97.1	0.1	1.0	1.8	1706	16172510	14825997	67.4
NM_0369.AAFTF	162	27720059	504	8560905	1621	171111.48	2	8389836	4	3105644	46.39	NA	1	3	97.4	97.4	0.0	0.9	1.7	1706	9390890	8562877	46.3
San_Diego_1.AAFTF	144	27716984	502	8434266	1140	192479.06	3	3836453	6	3334162	46.32	NA	1	1	97.4	97.4	0.0	0.9	1.8	1706	14594492	13640778	49.2
578-1_L_NEW_CPA0049_alt.AAFTF	135	27709734	502	8233382	3664	205257.29	2	7624692	4	3795716	46.45	NA	NA	1	97.4	97.4	0.0	0.9	1.7	1706	22717338	13167503	59.9
SDVA2.AAFTF	39	27707721	501	8074749	1108	710454.38	3	4176545	6	3405921	46.32	NA	1	3	97.3	97.3	0.0	0.8	1.9	1706	25189812	22830988	123.6
GT-156.AAFTF	406	27706681	500	7845307	1438	68243.06	3	3834090	6	3195764	46.36	NA	2	NA	97.4	97.4	0.0	0.8	1.9	1706	11168520	9608140	32.3
573-1_L_NEW_CPA0031.AAFTF	172	27706189	501	8788439	1072	161082.49	2	7474724	4	3367368	46.44	NA	NA	NA	97.4	97.4	0.0	0.8	1.8	1706	31598548	27032388	122.9
3M3.AAFTF	132	27700926	506	8145127	2642	209855.50	3	3842519	6	3339355	46.21	NA	1	3	96.5	96.5	0.0	1.2	2.3	1706	15321830	13965568	63.5
SDVA1.AAFTF	41	27700302	522	8643342	1806	675617.12	3	4011688	6	3144845	46.32	NA	NA	1	97.3	97.3	0.0	0.9	1.8	1706	19696098	17143626	92.8
B14288.AAFTF	51	27699456	524	8027875	1351	543126.59	3	4136677	6	2982899	46.27	NA	1	NA	96.6	96.6	0.0	1.1	2.3	1706	10087002	8823087	80.0
SDVA4.AAFTF	45	27697464	515	8095662	979	615499.20	3	4076021	6	3144751	46.32	NA	1	NA	97.4	97.4	0.0	0.9	1.7	1706	23851716	20295766	109.9
Nuevo_Leon_1.AAFTF	65	27695889	504	8475794	879	426090.60	2	7907046	4	3275858	46.26	NA	2	2	96.9	96.9	0.0	1.5	1.6	1706	8348840	7085700	64.2
VFC085_CPA0068.AAFTF	408	27692382	500	7830141	1086	67873.49	2	7129778	4	3044521	46.30	NA	NA	NA	96.4	96.4	0.0	0.8	2.8	1706	16249638	14694744	66.9
M214.AAFTF	70	27690612	512	9248113	1324	395580.17	2	8226083	4	3202754	46.51	NA	NA	1	97.5	97.5	0.0	0.9	1.6	1706	59224762	53841767	293.6
SJV_4.AAFTF	135	27688356	502	8422355	1465	205098.93	3	3613151	6	3112789	46.36	NA	1	2	97.5	97.5	0.1	0.7	1.8	1706	25380246	20895520	75.5
B3213.AAFTF	71	27687328	502	8418133	1495	389962.37	2	8232808	4	2927681	46.46	NA	5	NA	97.7	97.7	0.0	0.6	1.7	1706	17476756	16497875	90.0
B3335.AAFTF	260	27681958	500	8374429	1339	106469.07	2	7425443	4	3683904	46.47	NA	3	3	97.7	97.7	0.0	0.6	1.7	1706	18148912	17643691	96.2
GT-140.AAFTF	217	27681349	500	7985291	895	127563.82	3	3788008	6	3297098	46.30	NA	NA	NA	97.4	97.4	0.0	0.8	1.8	1706	6871672	5986009	27.2
CA23.AAFTF	170	27680356	501	8307735	1505	162825.62	3	3839600	6	3142235	46.36	NA	1	NA	97.2	97.1	0.1	1.1	1.8	1706	7494546	6417608	29.2
574-1_L_NEW_CPA0040.AAFTF	97	27678630	500	8697110	4249	285346.70	2	7386465	4	3148293	46.40	NA	1	NA	97.1	97.1	0.0	0.8	2.1	1706	41296630	31483794	143.3
B3284.AAFTF	81	27677257	501	9105219	1584	341694.53	2	7433763	4	3152589	46.37	NA	3	1	97.4	97.4	0.0	0.6	2.0	1706	15290158	13835195	75.5
M198.AAFTF	97	27676389	512	8262115	2256	285323.60	2	8245178	4	2508169	46.49	NA	1	1	97.3	97.3	0.0	1.0	1.7	1706	13084180	11653265	63.2
GT-116.AAFTF	119	27667775	501	8041247	921	232502.31	3	4292097	6	2869470	46.40	NA	3	2	97.3	97.2	0.1	0.9	1.8	1706	20621168	18876508	86.0
B15368.AAFTF	45	27666056	501	7749131	737	614801.24	3	4119049	6	3043164	46.34	NA	NA	2	97.0	97.0	0.1	1.0	2.0	1706	14736876	13092750	118.8
B3491.AAFTF	80	27661712	500	9020876	1070	345771.40	2	8198511	4	3151850	46.33	NA	2	4	97.2	97.2	0.0	0.7	2.1	1706	15910080	14771464	80.6
B3398.AAFTF	127	27657241	500	9114869	846	217773.55	2	7255770	4	3620410	46.38	NA	NA	NA	97.1	97.1	0.0	0.9	2.1	1706	18575722	17508277	95.6
B12220.AAFTF	33	27652688	521	7800140	725	837960.24	3	3811667	6	3393156	46.22	NA	2	1	96.7	96.7	0.1	1.0	2.3	1706	14498422	12192658	110.7
B3226.AAFTF	79	27652245	500	8546050	829	350028.42	2	8138251	4	3391357	46.39	NA	1	2	97.7	97.7	0.0	0.7	1.6	1706	20571514	19370628	105.8
485B-4_S_NEW_CPA0029.AAFTF	215	27652048	500	9248216	905	128614.18	2	6903482	4	3171294	46.35	NA	2	NA	97.4	97.4	0.0	0.8	1.8	1706	31924100	28136806	128.2
1M0.AAFTF	197	27651367	500	7908544	2271	140362.27	3	3721482	6	3330160	46.18	NA	NA	2	95.9	95.9	0.0	1.5	2.6	1706	6921978	6012482	27.4
GT-104.AAFTF	121	27647141	503	8315300	842	228488.77	2	5515929	6	3107448	46.30	NA	NA	NA	97.4	97.4	0.0	0.9	1.8	1706	23974912	21417180	97.6
GT-109.AAFTF	427	27644551	502	8031382	1301	64741.34	3	3529074	6	3211487	46.33	NA	1	5	97.2	97.2	0.0	0.9	1.8	1706	14441604	10025187	33.7
573-1_S_NEW_CPA0033.AAFTF	200	27641140	502	7956380	884	138205.70	2	7909360	4	3205567	46.45	NA	NA	1	97.3	97.3	0.0	0.9	1.8	1706	15612704	13344606	60.8
M206.AAFTF	85	27636046	500	8574931	1240	325129.95	2	7302067	4	3282912	46.28	NA	1	2	97.5	97.5	0.0	0.8	1.7	1706	9180198	8588007	46.6
SDVA14.AAFTF	118	27635027	503	8080107	1826	234195.14	2	7706930	4	3619447	46.48	NA	NA	2	97.4	97.4	0.0	0.8	1.8	1706	15309380	13147696	71.4
B11199.AAFTF	73	27633918	519	8612865	945	378546.82	2	7770120	4	3432047	46.36	NA	NA	1	97.2	97.2	0.0	1.0	1.8	1706	14931248	12269559	96.6
B12471.AAFTF	67	27633637	508	8480877	985	412442.34	2	7609507	4	3432714	46.41	NA	4	NA	97.0	96.9	0.1	0.9	2.2	1706	13057514	11197571	101.7
B12218.AAFTF	90	27633594	503	8820428	1015	307039.93	2	7677685	4	3422996	46.37	NA	NA	1	96.0	96.0	0.0	1.0	3.0	1706	12081538	9915625	90.1
Tucson_11.AAFTF	210	27625674	500	8922391	1833	131550.83	2	7594598	4	3092163	46.34	NA	1	NA	97.5	97.5	0.0	0.9	1.6	1706	37301892	34801516	126.0
B3411.AAFTF	54	27623867	511	9042322	1599	511553.09	2	8871235	4	3573568	46.17	NA	2	NA	96.1	96.0	0.1	0.6	3.3	1706	17277658	16055751	87.8
B16364.AAFTF	40	27623540	505	8261376	884	690588.50	3	4060438	6	2972126	46.28	NA	1	NA	96.5	96.5	0.0	0.9	2.6	1706	11123536	10037314	91.2
B11299.AAFTF	49	27619402	518	8955823	1271	563661.27	2	7732755	4	2927293	46.21	NA	1	1	96.7	96.7	0.0	1.1	2.2	1706	11385950	9658527	87.8
B11019.AAFTF	99	27618787	505	8069536	867	278977.65	3	3969845	6	3263562	46.51	NA	2	NA	96.5	96.5	0.0	1.0	2.5	1706	24379636	21475422	195.2
B11080.AAFTF	52	27614922	504	8121250	971	531056.19	3	3845136	6	3346646	46.13	NA	NA	NA	95.3	95.3	0.0	1.5	3.2	1706	4486078	4103642	44.7
SJV_8.AAFTF	200	27607641	502	8175831	1338	138038.20	3	3976406	6	3199183	46.29	NA	NA	2	97.2	97.1	0.1	0.7	2.1	1706	9267184	8595224	31.1
FMC718.AAFTF	228	27603295	505	8114740	2695	121067.08	2	7580539	4	3255753	46.19	NA	NA	1	96.6	96.6	0.0	1.4	2.0	1706	4754208	4525256	24.6
CA22.AAFTF	361	27602226	500	8072670	1370	76460.46	3	3842900	6	2839830	46.36	NA	1	NA	97.5	97.4	0.1	0.8	1.7	1706	10292832	9694753	32.7
574-0_L_OLD_CPA0038.AAFTF	184	27595097	500	8077379	764	149973.35	2	8056503	4	2812699	46.34	NA	2	1	97.7	97.7	0.0	0.8	1.5	1706	28448672	24891651	113.7
Phoenix_6.AAFTF	223	27591635	500	8650907	1542	123729.30	2	7742500	4	2948064	46.45	NA	4	1	97.8	97.8	0.0	0.6	1.6	1706	10548858	9810185	35.6
Tucson_24.AAFTF	246	27590462	501	8545105	1286	112156.35	2	7401257	4	3156828	46.47	NA	2	2	97.6	97.4	0.2	0.8	1.6	1706	46818616	40788145	147.8
GT-110.AAFTF	145	27586251	502	8538225	2050	190250.01	2	8063724	4	3214609	46.41	NA	NA	NA	97.2	97.2	0.0	0.9	1.9	1706	38418748	32745249	149.6
CA4.AAFTF	173	27577776	500	7827025	1799	159409.11	3	3875254	6	3187803	46.44	NA	2	1	97.4	97.3	0.1	0.8	1.8	1706	22304284	20831125	70.2
Tucson_20.AAFTF	226	27576880	501	8530218	1805	122021.59	2	6844294	4	3321537	46.38	NA	1	NA	97.4	97.4	0.0	0.6	2.1	1706	14990224	13741889	49.8
Sonora_2.AAFTF	355	27575569	502	7901668	1278	77677.66	2	7693349	4	3605830	46.46	NA	1	2	97.4	97.4	0.0	0.7	1.9	1706	9343230	8265951	30.0
B13981.AAFTF	51	27575360	506	8286202	799	540693.33	2	8253112	4	3168874	46.26	NA	NA	NA	96.5	96.5	0.0	1.1	2.5	1706	11280372	10038292	91.4
485B-0_S_OLD_CPA0021.AAFTF	225	27573785	502	8700313	991	122550.16	2	7976545	4	2884735	46.39	NA	2	NA	97.3	97.3	0.0	0.8	1.9	1706	23297930	20212385	92.4
B3242.AAFTF	55	27573779	519	8796704	1686	501341.44	2	7310089	4	3179765	46.40	NA	2	3	97.6	97.6	0.0	0.7	1.7	1706	19617672	18452696	101.1
SA2.AAFTF	191	27573630	500	8702135	1872	144364.55	2	7278396	4	2659534	46.45	NA	2	1	97.4	97.4	0.0	0.8	1.8	1706	26629196	17625509	80.5
GT-159.AAFTF	136	27573388	500	8749668	798	202745.50	2	8625003	4	3389102	46.29	NA	NA	1	97.5	97.5	0.0	0.8	1.6	1706	21172922	18292545	83.6
M220.AAFTF	84	27564495	505	8530225	1930	328148.75	2	7743881	4	3005843	46.37	NA	1	2	97.7	97.7	0.0	0.7	1.6	1706	14650510	12579504	68.5
GT-136.AAFTF	159	27561928	502	8967880	2546	173345.46	2	8020176	4	3385957	46.54	NA	3	1	97.7	97.7	0.0	0.6	1.6	1706	14397856	13135082	60.0
Guerrero_1.AAFTF	159	27553986	501	7913986	1209	173295.51	3	4021158	6	3169653	46.47	NA	4	NA	97.6	97.5	0.1	0.8	1.6	1706	9469170	8422904	30.6
Tucson_18.AAFTF	230	27553860	500	7774378	1776	119799.39	2	7536400	4	3338223	46.32	NA	1	NA	96.4	96.4	0.0	0.7	2.9	1706	10541100	9823151	35.7
CA28.AAFTF	355	27551783	502	8044105	1269	77610.66	3	3680109	6	3165710	46.42	NA	1	NA	97.3	97.2	0.1	0.8	1.9	1706	12843018	11701524	39.5
UCSF_3490AZ.AAFTF	94	27545940	504	8454174	1076	293041.91	2	7869312	4	3244216	46.39	NA	NA	NA	96.5	96.5	0.0	0.9	2.6	1706	15390590	14380162	78.8
SDVA42.AAFTF	46	27545421	500	8317413	1058	598813.50	2	7911204	4	3505166	46.36	NA	4	2	97.5	97.5	0.0	0.9	1.5	1706	13866158	11888881	64.7
SJV_9.AAFTF	192	27545204	500	8543685	1294	143464.60	3	3805291	6	3122523	46.33	NA	NA	4	97.1	97.0	0.1	0.8	2.1	1706	7375260	6794298	24.7
SDVA16.AAFTF	47	27543492	519	8566386	933	586031.74	2	8356753	4	2973086	46.36	NA	3	2	97.8	97.8	0.0	0.6	1.5	1706	18585778	15696228	85.5
COCSP-3478.AAFTF	231	27542706	500	8445561	1247	119232.49	2	7582868	4	3038240	46.57	NA	3	NA	97.8	97.8	0.0	0.6	1.6	1706	29441122	14202918	65.0
B12202.AAFTF	48	27542685	520	8660540	988	573805.94	2	8035947	4	3298630	46.36	NA	2	1	97.4	97.4	0.0	0.8	1.8	1706	12425860	10589808	96.5
B3395.AAFTF	79	27541887	502	8805345	1067	348631.48	2	8490198	4	3052490	46.42	NA	1	2	97.5	97.5	0.0	0.7	1.8	1706	18481006	17450345	95.7
GT-115.AAFTF	219	27540652	501	8056994	1659	125756.40	2	7731606	4	3099238	46.40	NA	1	NA	97.7	97.7	0.0	0.7	1.6	1706	17606262	15778516	72.2
GT-146.AAFTF	124	27540316	501	7336766	951	222099.32	3	4256679	6	3554602	46.40	NA	NA	NA	97.5	97.5	0.0	0.7	1.8	1706	35271934	30136688	101.8
FMC233.AAFTF	79	27540034	501	8517349	1926	348608.03	2	7435893	4	3319691	46.41	NA	2	2	97.5	97.5	0.0	0.8	1.7	1706	13061872	11773365	64.1
SDVA20.AAFTF	42	27539444	523	8727728	961	655701.05	2	8141686	4	3163040	46.36	NA	1	5	97.9	97.9	0.0	0.6	1.5	1706	20561554	17099262	93.1
M219.AAFTF	109	27530295	503	8892971	1365	252571.51	2	7659022	4	3355320	46.42	NA	1	2	97.4	97.4	0.0	0.8	1.8	1706	11234316	9801534	53.4
GT-117.AAFTF	340	27529116	501	7997238	1088	80967.99	3	3669329	6	3058204	46.42	NA	2	2	97.5	97.5	0.1	0.7	1.8	1706	12315838	10856210	36.7
COCSP-2006.AAFTF	119	27525020	502	7935514	781	231302.69	3	3603125	6	3247349	46.46	NA	1	NA	97.4	97.4	0.1	0.9	1.6	1706	42233452	37426359	171.3
B13535.AAFTF	87	27524685	504	8310797	806	316375.69	2	7859185	4	3422325	46.43	NA	1	1	97.3	97.3	0.0	0.9	1.8	1706	10896824	9245577	84.3
B3310.AAFTF	119	27521304	501	8393938	1941	231271.46	2	7706597	4	3195606	46.38	NA	1	NA	96.9	96.9	0.0	0.8	2.3	1706	19290526	18635615	102.2
B3359.AAFTF	89	27520425	509	8318438	782	309218.26	2	7753205	4	3761198	46.39	NA	3	1	97.2	97.2	0.0	0.7	2.1	1706	20257740	18872434	103.5
Phoenix_1.AAFTF	186	27518366	502	7866458	2342	147948.20	2	7118323	4	3350582	46.43	NA	NA	NA	97.7	97.7	0.0	0.6	1.7	1706	10945232	10132682	36.8
Coahuilla_2.AAFTF	185	27516334	500	8526294	2393	148736.94	2	7651377	4	2833457	46.50	NA	2	1	97.7	97.7	0.0	0.6	1.7	1706	31346234	26160913	95.1
B3292.AAFTF	61	27514688	515	8443487	2331	451060.46	2	8116937	4	3585315	46.39	NA	2	1	97.2	97.2	0.0	0.8	2.0	1706	18665142	17054584	93.6
M223.AAFTF	482	27513660	500	8324798	590	57082.28	2	7857377	4	2943732	46.62	NA	1	4	97.2	97.2	0.0	0.9	1.9	1706	10429596	8431255	46.0
M205.AAFTF	98	27511671	501	8561880	1690	280731.34	2	7912076	4	3161777	46.42	NA	1	2	97.5	97.5	0.0	0.6	1.9	1706	8707744	7898968	43.1
SDVA7.AAFTF	63	27510734	504	8851594	1328	436678.32	2	8055338	4	2925918	46.39	NA	2	1	97.8	97.8	0.0	0.6	1.6	1706	16898384	14630970	79.8
TX4.AAFTF	153	27509878	501	8250333	2382	179803.12	2	7467431	4	3384792	46.44	NA	2	NA	97.4	97.4	0.0	0.9	1.7	1706	25476030	22451558	102.8
B11058.AAFTF	149	27507764	500	8158045	2016	184615.87	2	7738474	4	3190164	46.26	NA	1	NA	96.2	96.2	0.0	1.6	2.2	1706	4566290	4049997	44.3
FMC234.AAFTF	52	27505711	500	8429767	2073	528955.98	2	7702140	4	3627264	46.44	NA	2	NA	97.5	97.5	0.0	0.6	1.9	1706	13841450	12805903	69.8
B3417.AAFTF	132	27502954	501	8533253	913	208355.71	2	7844191	4	3672957	46.51	NA	2	NA	97.7	97.7	0.0	0.7	1.6	1706	20210090	18859470	103.5
B3492.AAFTF	97	27498699	504	8292086	2799	283491.74	2	7953011	4	3698280	46.10	NA	5	2	94.8	94.7	0.1	0.9	4.3	1706	15396050	14083507	77.3
GT-105.AAFTF	126	27497982	500	7296876	895	218237.95	3	4223976	6	3309710	46.43	NA	1	NA	97.5	97.5	0.0	0.8	1.6	1706	15182342	13804168	63.3
San_Antonio_1.AAFTF	219	27497935	500	8883343	2289	125561.35	2	7061000	4	3739892	46.52	NA	1	3	97.8	97.8	0.0	0.6	1.6	1706	22937882	21098168	76.7
GT-106.AAFTF	153	27497202	503	8620372	1559	179720.27	2	6803064	4	3615370	46.48	NA	2	NA	97.5	97.5	0.0	0.8	1.7	1706	20023736	17829663	81.7
Phoenix_5.AAFTF	136	27496688	510	9276674	2235	202181.53	2	7584448	4	2617888	46.39	NA	1	3	97.7	97.7	0.0	0.6	1.7	1706	18493778	17409185	63.3
730334_Guatemala.AAFTF	73	27496290	500	8363007	1267	376661.51	2	7746618	4	3056843	46.21	NA	3	NA	96.2	96.2	0.0	1.6	2.1	1706	4099560	3591777	39.3
SJV_7.AAFTF	153	27495916	500	8282201	1173	179711.87	3	3841320	6	3345064	46.45	NA	1	NA	97.5	97.3	0.2	0.8	1.8	1706	28224662	26014748	94.6
B16294.AAFTF	126	27494491	500	8852975	733	218210.25	2	7896118	4	3259726	46.38	NA	2	1	97.4	97.4	0.0	0.8	1.8	1706	10562782	9348369	85.3
NM_9837.AAFTF	122	27494279	504	8302422	1670	225362.94	2	7723741	4	3175904	46.54	NA	1	NA	97.4	97.4	0.0	0.8	1.9	1706	10120142	8500239	46.4
B11232.AAFTF	74	27492994	502	8240054	1874	371526.95	2	7810771	4	3290270	46.32	NA	1	NA	97.1	97.1	0.0	0.9	2.0	1706	8384882	7136327	56.4
M1_5.AAFTF	265	27490319	500	9174312	952	103737.05	2	6894794	4	3307525	46.47	NA	2	2	97.7	97.7	0.0	0.6	1.7	1706	10514188	8804420	40.4
TX1.AAFTF	107	27489770	501	8186728	1941	256913.74	2	8139689	4	2800957	46.48	NA	2	1	97.6	97.6	0.0	0.7	1.7	1706	31415528	27442421	125.8
B3286.AAFTF	55	27486169	506	8090221	996	499748.53	2	7890392	4	3755764	46.28	NA	5	2	96.2	96.2	0.0	0.9	2.8	1706	17559222	16409013	90.1
SOIL_578-1_A_NEW_CPA0048.AAFTF	395	27483374	502	7728129	1048	69578.16	2	7573555	4	3158550	46.49	NA	NA	NA	97.7	97.7	0.0	0.6	1.8	1706	18009054	15457025	52.3
B15369.AAFTF	69	27483321	502	8653886	903	398309.00	2	7245586	4	3647914	46.44	1	2	1	97.2	97.2	0.0	0.9	1.9	1706	11534030	10267136	93.8
GT-142.AAFTF	245	27480672	501	8137555	1197	112166.01	2	7403392	4	3232551	46.49	NA	NA	2	97.7	97.7	0.0	0.6	1.6	1706	26309576	22541774	76.3
SJV_6.AAFTF	294	27477166	502	7750078	1518	93459.75	3	3742687	6	3272049	46.39	NA	1	2	97.4	97.4	0.0	0.8	1.9	1706	5456844	4919491	17.9
574-0_S_OLD_CPA0039.AAFTF	174	27471919	500	8576543	772	157884.59	2	8078266	4	3078029	46.39	NA	1	NA	97.4	97.4	0.0	0.9	1.7	1706	17065544	15833881	72.6
CA17.AAFTF	83	27466389	508	7814502	1209	330920.35	3	4188113	6	3172888	46.53	NA	NA	1	97.4	97.4	0.1	0.9	1.6	1706	44543628	38351094	175.9
GT-002.AAFTF	88	27465064	530	7985779	1814	312103.00	2	7846138	4	3281475	46.27	NA	NA	NA	96.2	96.2	0.0	1.6	2.2	1706	6852836	6039176	66.2
B3413.AAFTF	53	27464612	502	8072919	1067	518200.23	2	7352760	4	4321711	46.34	NA	1	3	96.3	96.3	0.0	0.6	3.0	1706	19483974	18254912	100.4
SJV_11.AAFTF	188	27464329	501	7841966	1047	146086.86	3	3749244	6	3334847	46.45	NA	1	NA	97.6	97.5	0.1	0.9	1.5	1706	10495020	9609798	35.0
B3368.AAFTF	53	27463336	515	8813320	952	518176.15	2	7354416	4	3787195	46.41	NA	4	NA	97.5	97.5	0.0	0.6	1.9	1706	18143066	17063250	93.8
SOIL_485B-0_L_OLD_CPA0020.AAFTF	464	27460320	502	7853234	1239	59181.72	2	7752106	5	1364907	46.40	NA	2	3	97.5	97.5	0.0	0.9	1.6	1706	19741622	12886261	43.6
Tucson_5.AAFTF	164	27458046	501	8294415	1455	167427.11	2	7501873	4	3413828	46.51	NA	NA	NA	97.6	97.6	0.0	0.7	1.7	1706	24756646	23064784	84.0
B3391.AAFTF	88	27456184	500	9352650	1388	312002.09	2	7927165	4	2561928	46.53	NA	3	1	97.4	97.4	0.0	0.6	1.9	1706	23220720	22031475	121.2
Tucson_15.AAFTF	227	27455626	500	8254676	2042	120949.89	2	7786605	4	3413145	46.42	NA	2	1	97.6	97.6	0.0	0.7	1.7	1706	9540294	8962766	32.6
SJV_5.AAFTF	118	27453934	507	8226328	2298	232660.46	3	4056600	6	2790415	46.45	NA	NA	NA	97.7	97.7	0.0	0.7	1.6	1706	15989156	14743004	53.7
Tucson_21.AAFTF	156	27451041	507	8787514	2134	175968.21	2	7597266	4	2741259	46.39	NA	NA	NA	97.5	97.5	0.0	0.8	1.7	1706	36706758	34039926	124.0
FMC449.AAFTF	74	27451015	501	8568377	1896	370959.66	2	8033671	4	3138497	46.31	NA	2	1	97.2	97.2	0.0	1.0	1.8	1706	8236104	7555524	41.3
B3375.AAFTF	58	27448713	501	8597615	2133	473253.67	2	7996150	4	2985680	46.37	NA	3	NA	97.8	97.8	0.0	0.7	1.5	1706	19791932	18331642	100.8
B14298.AAFTF	50	27447205	500	8206407	1103	548944.10	3	3990704	6	3097230	46.28	NA	1	2	96.1	96.1	0.0	0.8	3.2	1706	11121782	10144011	92.8
B11872.AAFTF	61	27443136	503	8398010	825	449887.48	2	8159650	4	3665704	46.42	NA	1	1	97.4	97.4	0.0	0.9	1.7	1706	14533078	12589737	115.1
Cocci_1400035797.AAFTF	151	27442335	500	7902798	2164	181737.32	2	7842729	4	3078299	46.32	1	5	2	96.2	96.2	0.0	1.5	2.2	1706	2150052	1868848	20.5
B3244.AAFTF	78	27441801	518	8130523	968	351817.96	2	8009719	4	3696774	46.36	NA	NA	2	97.4	97.4	0.0	0.7	1.9	1706	18437140	17283500	95.1
SOIL_573-2_L_NEW_CPA0035.AAFTF	474	27441728	501	8217083	1165	57893.94	2	7231132	5	1433289	46.47	NA	NA	NA	97.3	97.3	0.0	0.8	1.9	1706	19903340	14346306	48.6
SOIL_580-2_L_NEW_CPA0060.AAFTF	412	27440307	501	7974776	1255	66602.69	2	7316680	4	3163142	46.49	NA	NA	3	97.4	97.4	0.0	0.8	1.8	1706	21202838	16115552	54.6
TX5.AAFTF	77	27439941	503	8764613	3839	356362.87	2	7377956	4	3017512	46.37	NA	NA	2	95.8	95.8	0.0	1.0	3.2	1706	48543566	42107987	193.4
GT-151.AAFTF	393	27439347	501	8178279	1524	69820.22	2	7269875	4	3050126	46.59	NA	NA	NA	97.7	97.6	0.1	0.6	1.7	1706	19785532	16364145	55.5
B14133.AAFTF	45	27439095	507	7736890	849	609757.67	3	3953675	6	3305186	46.43	NA	NA	NA	97.1	97.1	0.1	0.8	2.1	1706	18662544	17224569	157.6
TX12.AAFTF	502	27437564	500	8092658	1126	54656.50	2	7662619	4	3281738	46.33	NA	1	NA	97.6	97.6	0.0	0.8	1.6	1706	14146560	12264811	41.6
SA12.AAFTF	199	27433547	501	8691746	1353	137857.02	2	7825938	4	3217647	46.50	NA	2	1	97.3	97.3	0.0	0.8	1.9	1706	25424660	7627578	35.0
B3313.AAFTF	44	27430122	514	8744228	1417	623411.86	2	7381446	4	3091069	46.36	NA	NA	1	96.4	96.4	0.0	0.6	3.0	1706	13863108	13131798	72.3
B12475.AAFTF	53	27427730	500	8576545	1129	517504.34	2	7860794	4	3063372	46.26	NA	1	2	96.7	96.7	0.1	0.6	2.6	1706	15575186	13305891	121.8
B3269.AAFTF	130	27426616	502	8634886	1039	210973.97	2	7172067	4	2821074	46.73	1	1	2	97.3	97.3	0.0	0.8	1.9	1706	18423198	17666577	97.3
M211.AAFTF	89	27421434	501	8245218	1439	308106.00	2	7731943	4	3642006	46.38	NA	NA	2	96.9	96.9	0.0	0.7	2.4	1706	11818654	10185119	55.7
B11035.AAFTF	70	27418445	505	7907522	1045	391692.07	3	3826292	6	3366887	46.29	NA	NA	NA	95.6	95.6	0.0	1.2	3.2	1706	12920908	11553709	105.8
Sonora_1.AAFTF	369	27415947	500	8301190	1291	74297.96	2	7351964	4	2899990	46.65	NA	6	3	97.4	97.4	0.0	0.8	1.8	1706	13003358	11417229	41.6
GT-127.AAFTF	123	27415396	502	8306391	1070	222889.40	3	3658569	6	3269142	46.46	NA	NA	1	97.6	97.3	0.3	0.8	1.6	1706	139938914	100427069	340.7
GT-154.AAFTF	214	27414426	501	7771680	1720	128104.79	2	7673176	4	3234713	46.25	NA	2	NA	96.5	96.5	0.0	0.7	2.8	1706	32638590	26420024	89.6
B11873.AAFTF	47	27410554	526	8026034	1129	583203.28	3	3929416	6	3159178	46.41	NA	NA	NA	96.7	96.6	0.1	1.2	2.1	1706	4507604	4042185	37.0
COCSP_8725.AAFTF	83	27405721	501	8214719	1177	330189.41	2	7963042	4	3102221	46.51	NA	3	1	97.5	97.5	0.0	0.8	1.8	1706	10731844	10266404	56.2
B3245.AAFTF	94	27404763	500	9466927	1227	291540.03	2	7079169	4	3960005	46.41	NA	1	1	97.1	97.1	0.0	0.8	2.1	1706	20603456	19329572	106.5
TX3.AAFTF	67	27403272	504	8131158	2774	409004.06	2	7893968	4	3169632	46.43	NA	2	1	97.6	97.6	0.0	0.8	1.6	1706	36250088	30644841	140.9
Tucson_4.AAFTF	132	27399800	501	8969993	2806	207574.24	2	7233751	4	4020318	46.55	NA	3	2	97.8	97.8	0.0	0.6	1.6	1706	28006864	26009841	94.9
B14132.AAFTF	32	27396350	511	7731515	925	856135.94	3	3945774	6	3318365	46.45	NA	NA	1	97.0	96.9	0.1	0.9	2.1	1706	17181028	15678292	143.6
Beeville.AAFTF	209	27395791	502	7832865	2101	131080.34	2	7545736	4	3122855	46.29	NA	2	2	95.7	95.7	0.0	2.0	2.3	1706	1675548	1454317	16.0
B15317.AAFTF	204	27395378	518	8009272	687	134291.07	3	4072810	6	3229564	46.40	NA	1	NA	96.4	96.4	0.0	1.1	2.5	1706	2827476	2500672	22.9
WA_221.AAFTF	82	27389894	527	8010679	1202	334023.10	3	3735257	6	3365707	46.33	NA	NA	NA	96.0	96.0	0.0	1.6	2.3	1706	2824636	2449807	26.9
Phoenix_9.AAFTF	194	27386604	500	9258744	1821	141168.06	2	7958849	4	3294488	46.40	NA	1	NA	96.5	96.5	0.0	0.6	2.8	1706	13999516	12984043	47.4
B12397.AAFTF	58	27386008	511	8349787	1108	472172.55	2	7943554	4	3707172	46.36	NA	1	1	97.2	97.2	0.0	0.9	1.9	1706	11450162	9857208	90.3
BFF340.AAFTF	111	27382863	520	8648322	4473	246692.46	2	7866088	4	3080417	46.33	NA	NA	1	96.5	96.5	0.0	0.7	2.8	1706	40165634	34674175	127.9
B11871.AAFTF	55	27381826	504	8657054	1197	497851.38	2	7896295	4	3222618	46.30	NA	NA	NA	97.1	97.1	0.0	0.9	2.1	1706	14518838	11960343	109.6
GT-150.AAFTF	338	27378207	500	8104601	1013	81000.61	2	7679452	4	3068816	46.53	NA	2	1	97.5	97.5	0.0	0.7	1.8	1706	21063998	17198864	58.4
CDC-212.AAFTF	58	27377694	518	7699401	916	472029.21	3	4199772	6	3299084	46.41	NA	1	NA	96.7	96.7	0.0	1.2	2.2	1706	6302838	5615212	61.7
GT-143.AAFTF	386	27377542	500	7886627	1459	70926.27	2	7484596	4	3070622	46.42	NA	3	NA	97.6	97.6	0.0	0.7	1.7	1706	9689716	3537191	16.3
B10813_Texas.AAFTF	113	27367390	511	8402943	994	242189.29	2	7852292	4	3203463	46.44	NA	1	NA	96.9	96.9	0.0	1.1	2.1	1706	8258258	7516228	82.7
CA25.AAFTF	55	27365422	506	7519082	2745	497553.13	3	3979124	6	3205165	46.31	NA	NA	1	94.7	94.6	0.1	0.9	4.4	1706	90123194	78102732	359.6
SOIL_574-2_L_NEW_CPA0042.AAFTF	247	27365398	501	8896120	1868	110791.09	2	7772922	4	3177502	46.49	NA	NA	1	97.4	97.4	0.0	0.7	1.9	1706	24351692	20418095	69.4
Washington_1.AAFTF	62	27365014	518	8000800	1166	441371.19	3	3827344	6	3308131	46.35	NA	1	NA	96.3	96.3	0.0	1.3	2.4	1706	8419742	7653928	70.2
CDC-205.AAFTF	50	27360299	518	8072996	798	547205.98	3	3857032	6	3259514	46.40	NA	NA	NA	96.5	96.5	0.0	1.3	2.2	1706	5861146	5187140	57.1
578-1_L_NEW_CPA0049.AAFTF	217	27358441	500	8272923	785	126075.76	2	7784494	4	3241733	46.46	NA	NA	1	97.6	97.6	0.0	0.8	1.6	1706	16142240	14464113	66.6
582-1_L_NEW_CPA0064.AAFTF	91	27354936	500	8272645	2695	300603.69	2	8164321	4	2913908	46.42	NA	1	1	97.4	97.4	0.0	0.8	1.8	1706	52986984	44265081	203.9
CDC-202.AAFTF	54	27354350	518	8019013	798	506562.04	3	3892111	6	3275007	46.43	NA	NA	NA	96.6	96.6	0.0	1.3	2.1	1706	5862366	5209428	57.3
Tucson_14.AAFTF	242	27351702	501	8098289	1206	113023.56	2	7554631	4	3042561	46.57	NA	NA	2	97.7	97.7	0.0	0.6	1.7	1706	10162322	9449556	34.5
B16293.AAFTF	49	27350904	500	8453664	943	558181.71	2	8179258	4	3586187	46.41	NA	NA	NA	96.5	96.5	0.0	0.9	2.6	1706	12907500	10989241	100.8
UTAH_350355.AAFTF	154	27349813	502	8453895	2095	177596.19	2	7313000	4	3256631	46.63	NA	NA	NA	97.5	97.4	0.1	0.8	1.8	1706	19697120	18202142	83.9
FMC235.AAFTF	147	27347690	501	7969203	1778	186038.71	2	7541075	4	3345018	46.44	NA	1	1	97.1	97.1	0.0	0.7	2.2	1706	8052922	7225630	39.6
NM_5945.AAFTF	107	27347533	500	8499481	1382	255584.42	2	7146887	4	2654294	46.61	NA	1	2	97.1	97.1	0.0	0.7	2.2	1706	10930094	10296284	56.5
Tucson_3.AAFTF	196	27346322	501	8742828	1609	139522.05	2	7536964	4	3445524	46.59	NA	1	1	97.8	97.8	0.0	0.6	1.6	1706	66301038	61249606	224.0
B3345.AAFTF	70	27344375	513	8253772	1247	390633.93	2	7634594	4	3866307	46.46	NA	2	NA	97.7	97.7	0.0	0.6	1.7	1706	18028688	17034592	94.1
M204.AAFTF	56	27338570	508	8031250	2682	488188.75	3	3949860	6	3266560	46.51	NA	2	NA	97.5	97.4	0.1	0.7	1.8	1706	12632490	11101250	60.9
Tucson_17.AAFTF	215	27332274	500	8817888	1667	127126.86	2	6792668	4	2804694	46.55	NA	2	3	97.7	97.7	0.0	0.7	1.6	1706	15793824	14676105	53.7
VFC052.AAFTF	117	27330057	503	7697573	1163	233590.23	3	3991361	6	3271753	46.43	NA	NA	NA	97.7	97.7	0.0	0.8	1.6	1706	15463814	14116360	65.1
TX14.AAFTF	372	27320850	500	8292409	1552	73443.15	2	8060115	4	2723974	46.43	NA	3	1	97.8	97.8	0.0	0.6	1.6	1706	15361764	13413013	45.7
WA31.AAFTF	105	27320164	510	8745927	1177	260192.04	2	7192257	4	3790207	46.50	NA	1	2	96.6	96.6	0.0	0.8	2.6	1706	39903156	38270542	211.5
B5773_Brazil.AAFTF	73	27319621	528	8085694	1316	374241.38	2	7900359	4	3281062	46.27	NA	1	1	96.3	96.3	0.0	1.6	2.1	1706	4939418	4032459	44.4
SDVA45.AAFTF	74	27316986	501	8055262	831	369148.46	2	7986982	4	3266511	46.51	NA	1	NA	97.3	97.3	0.0	0.9	1.8	1706	15351582	12536113	68.8
M191.AAFTF	54	27307572	508	8319026	1251	505695.78	2	8158983	4	3061764	46.46	1	2	4	97.2	97.2	0.0	0.8	2.0	1706	13926128	12369985	67.9
h5384.AAFTF	282	27304909	501	7830608	899	96825.92	3	3580223	6	3341304	46.35	NA	NA	1	97.3	97.3	0.0	0.8	1.9	1706	13861230	3950386	18.2
B3276.AAFTF	102	27302304	525	7850519	3713	267669.65	2	7512504	4	3322135	46.40	NA	NA	1	97.5	97.5	0.0	0.8	1.8	1706	49845084	43770647	161.9
Phoenix_7.AAFTF	168	27301662	505	8583400	2143	162509.89	2	7100569	4	3533023	46.48	NA	1	3	97.7	97.7	0.0	0.6	1.6	1706	14012282	12913831	47.3
S_675.AAFTF	77	27297454	506	8148569	1324	354512.39	2	7884034	4	3355507	46.31	NA	1	4	96.8	96.8	0.0	1.5	1.8	1706	13020694	11987643	65.9
GT-101.AAFTF	187	27293136	501	8434426	1002	145952.60	2	7999448	4	3153338	46.53	NA	NA	1	97.7	97.7	0.0	0.6	1.8	1706	15693204	13827587	63.8
WA_211.AAFTF	62	27287667	518	8210459	826	440123.66	3	3797343	6	3170102	46.42	NA	1	NA	96.6	96.6	0.0	1.4	2.0	1706	5644892	4975559	54.9
SOIL_580-4_L_NEW_CPA0062.AAFTF	266	27273003	502	8022134	966	102530.09	2	7387042	4	3504680	46.48	NA	1	1	97.2	97.2	0.0	0.8	2.0	1706	31283302	24062565	82.1
M207.AAFTF	141	27269848	501	8145406	2481	193403.18	2	7357509	4	3077494	46.45	NA	NA	3	96.9	96.9	0.0	0.8	2.3	1706	10827860	9677580	53.2
GT-121.AAFTF	115	27264642	501	7631056	1204	237083.84	3	3760814	6	3101495	46.50	NA	1	1	97.6	97.6	0.0	0.8	1.6	1706	76363822	56942941	194.2
GT-126.AAFTF	180	27263767	505	8034959	1904	151465.37	3	3733754	6	3115641	46.48	NA	1	1	97.2	97.1	0.1	0.9	1.9	1706	9207152	7732837	35.7
A432.AAFTF	63	27261835	560	8222909	791	432727.54	3	3865608	6	3272862	46.42	NA	NA	1	96.5	96.5	0.0	1.2	2.3	1706	6727508	5744703	52.9
M208.AAFTF	59	27258706	506	8431639	1132	462011.97	2	8333420	4	3609663	46.45	NA	NA	1	97.4	97.4	0.0	0.8	1.8	1706	10042852	8881894	48.9
NM_4233.AAFTF	120	27258181	505	8136969	1249	227151.51	2	8082726	4	2666060	46.70	NA	3	1	96.1	96.1	0.0	0.8	3.0	1706	10947234	9430335	51.9
KJH004.AAFTF	308	27255198	500	8116562	1080	88490.90	2	7188953	4	3034651	46.50	NA	2	NA	97.5	97.5	0.0	0.9	1.6	1706	12065986	5388558	24.9
M200.AAFTF	80	27253011	500	9058691	1666	340662.64	2	7796271	4	3233721	46.45	NA	NA	4	96.7	96.7	0.0	0.9	2.3	1706	10866752	9369141	51.6
A502-1.AAFTF	77	27250037	507	7987494	744	353896.58	3	3820247	6	3240878	46.45	NA	1	NA	96.7	96.7	0.0	1.1	2.2	1706	5406334	4719084	43.5
GT-167.AAFTF	121	27249971	501	7617519	786	225206.37	3	3839813	6	3142057	46.52	NA	NA	NA	97.4	97.3	0.1	0.9	1.7	1706	20432286	18073612	83.6
UCSF_10AZ.AAFTF	121	27244224	510	8156229	1404	225158.88	2	8093916	4	2979789	46.40	NA	2	1	95.9	95.9	0.0	0.8	3.3	1706	13961724	12752878	70.7
A391.AAFTF	64	27244059	502	8081273	703	425688.42	3	3884909	6	3177569	46.42	NA	NA	NA	96.8	96.8	0.0	1.1	2.1	1706	6285178	5561788	51.2
S_671.AAFTF	60	27235669	519	8157092	1791	453927.82	2	8022817	4	3202356	46.45	NA	1	3	97.5	97.5	0.0	0.7	1.8	1706	13437454	12407406	68.3
B11877.AAFTF	62	27235185	521	8250861	1259	439277.18	2	7869979	4	3551040	46.47	NA	1	2	97.1	97.1	0.0	0.9	2.1	1706	11612756	10156074	93.6
B12400.AAFTF	73	27235074	500	8644361	842	373083.21	2	7678706	4	2996503	46.45	NA	NA	NA	97.0	97.0	0.0	0.8	2.2	1706	14515352	12594143	116.1
S_670.AAFTF	58	27233654	519	8263297	1612	469545.76	2	8239194	4	3239006	46.46	NA	1	3	97.4	97.4	0.0	0.8	1.8	1706	16554040	15468973	85.2
S_674.AAFTF	60	27230483	506	8628785	1558	453841.38	2	7801320	4	3291686	46.45	NA	NA	4	97.5	97.5	0.0	0.9	1.6	1706	20195872	19312732	106.4
B11300.AAFTF	70	27229995	503	8260662	782	388999.93	2	7322069	4	3539184	46.39	NA	1	2	96.0	96.0	0.0	1.0	3.0	1706	11770550	10158928	93.6
B12527.AAFTF	80	27227401	506	8067324	1309	340342.51	2	7896187	4	3420759	46.32	NA	1	3	95.3	95.3	0.0	0.9	3.8	1706	15352624	12580779	116.0
SDVA25.AAFTF	65	27226887	505	8137154	1085	418875.18	2	7832901	4	3779162	46.53	NA	3	NA	97.7	97.7	0.0	0.6	1.7	1706	21743968	18246806	100.5
TX2.AAFTF	173	27226781	500	8745466	1485	157380.24	2	7366302	4	3128733	46.59	NA	2	1	97.4	97.4	0.0	0.6	2.0	1706	54272138	46793161	159.8
B14130.AAFTF	69	27225679	538	8063472	997	394575.06	2	8039384	4	3476454	46.22	NA	NA	NA	94.7	94.7	0.0	1.0	4.3	1706	16639348	13511077	124.6
B3326.AAFTF	96	27224481	513	9560802	933	283588.34	2	6717256	4	2915000	46.41	NA	NA	NA	96.0	96.0	0.0	0.7	3.3	1706	19237952	18123111	100.5
S_673.AAFTF	76	27224354	502	8450396	1648	358215.18	2	7607340	4	3184540	46.44	NA	3	2	97.4	97.4	0.0	0.8	1.8	1706	18750194	16770507	92.4
S_676.AAFTF	58	27223611	503	8312736	1910	469372.60	2	7844113	4	3336109	46.46	NA	3	1	97.5	97.5	0.0	0.8	1.7	1706	13290856	12607208	69.5
SJV_2.AAFTF	99	27221012	500	7539255	2141	274959.72	3	4139529	6	2782713	46.51	NA	1	NA	97.5	97.5	0.0	0.8	1.8	1706	19580634	17743478	65.2
GT-148.AAFTF	418	27216651	500	8166411	1352	65111.61	2	6956283	5	1633985	46.48	NA	NA	3	97.7	97.7	0.0	0.7	1.6	1706	18867872	14601642	49.9
B12398.AAFTF	89	27211346	503	7907741	931	305745.46	3	3681433	6	3309151	46.29	NA	NA	NA	95.1	95.1	0.0	1.9	3.0	1706	4210762	3881355	35.8
B15142.AAFTF	29	27209033	560	8239326	1071	938242.52	3	4073928	5	3369734	46.36	NA	2	NA	95.8	95.7	0.1	1.0	3.2	1706	10017434	9165410	84.5
GT-162.AAFTF	292	27207718	503	8272256	1454	93177.12	2	7449316	4	3025558	46.60	NA	1	2	97.7	97.7	0.0	0.7	1.6	1706	28340396	18208235	62.2
B16536.AAFTF	670	27203121	510	7749115	848	40601.67	3	3643572	6	3124475	47.08	NA	1	NA	96.8	96.8	0.0	0.8	2.4	1706	14068932	12437900	114.8
UCSF_9AZ.AAFTF	57	27200687	500	8129866	946	477205.04	2	7802787	4	3567242	46.27	NA	3	4	94.6	94.6	0.0	0.9	4.5	1706	14223636	12509995	69.4
Tucson_8.AAFTF	202	27200668	503	8082812	1898	134656.77	2	6817005	4	3273092	46.51	NA	NA	NA	97.5	97.1	0.4	0.6	1.9	1706	28380624	26251061	96.5
B13534.AAFTF	64	27196545	517	8649612	1423	424946.02	2	7561668	4	2562505	46.41	NA	2	1	97.2	97.2	0.0	0.9	1.9	1706	14887894	12963854	119.6
B10918.AAFTF	70	27192836	509	8355285	1686	388469.09	2	7803727	4	3182763	46.36	NA	3	NA	96.7	96.7	0.0	1.3	2.1	1706	6845922	6213222	68.8
B3222.AAFTF	78	27192697	510	8581716	1038	348624.32	2	8573426	4	3611782	46.52	NA	2	2	96.8	96.8	0.0	0.6	2.5	1706	18838290	17737692	98.5
S_739.AAFTF	57	27190336	519	7920913	2241	477023.44	2	7789713	4	3373987	46.48	NA	5	1	97.5	97.5	0.0	0.9	1.6	1706	20012476	18838670	103.9
B3352.AAFTF	59	27189398	510	8644914	1251	460837.25	2	8633253	4	3146510	46.48	NA	1	1	96.5	96.5	0.0	0.8	2.6	1706	17826156	16508837	91.7
Tucson_12.AAFTF	236	27189128	501	7837757	1936	115208.17	2	7629775	4	3202646	46.54	NA	3	2	96.4	96.4	0.0	0.8	2.8	1706	29597214	27130102	99.8
B14104.AAFTF	47	27188325	517	8081121	941	578475.00	2	7916922	4	3489549	46.49	NA	NA	NA	97.0	97.0	0.0	0.8	2.2	1706	16489216	13578673	125.4
B13956.AAFTF	52	27187389	513	8297590	1017	522834.40	3	3630647	6	3117864	46.45	NA	NA	1	96.5	96.5	0.0	0.9	2.6	1706	15776954	13416316	123.9
S_740.AAFTF	62	27176447	502	8497447	1887	438329.79	2	7879825	4	3084030	46.45	NA	5	2	97.5	97.5	0.0	0.8	1.7	1706	24557438	22671316	125.1
B3382.AAFTF	75	27173286	502	8056138	1002	362310.48	2	8007499	4	3173408	46.47	NA	3	1	96.7	96.7	0.0	0.8	2.6	1706	19680856	18455114	102.6
4SD.AAFTF	402	27167688	500	8017395	1079	67581.31	3	3558461	6	3098683	46.48	NA	2	1	97.2	97.2	0.0	0.9	1.9	1706	8902712	3001859	13.9
VFC083.AAFTF	727	27165544	500	7826847	1434	37366.64	2	7248300	5	1192542	46.60	NA	1	2	96.5	96.4	0.1	1.3	2.2	1706	18850394	7791154	36.1
Tucson_13.AAFTF	198	27163962	501	9147330	2403	137191.73	2	8383536	4	3867084	46.56	NA	2	2	97.6	97.6	0.0	0.7	1.7	1706	15114830	14023912	51.6
A502-2.AAFTF	70	27163300	506	7854564	754	388047.14	3	3820321	6	3226144	46.42	NA	NA	NA	96.2	96.2	0.0	1.1	2.6	1706	7445902	6620321	61.2
CA7.AAFTF	112	27157066	504	8487006	2080	242473.80	3	3989515	6	2875219	46.39	NA	NA	3	96.3	96.3	0.0	0.8	2.9	1706	42744952	38626599	132.3
UCSF_Cp_Silveira.AAFTF	50	27155470	503	8051721	1062	543109.40	2	7476968	4	3224065	46.59	NA	NA	NA	97.3	97.3	0.0	0.9	1.8	1706	119187624	108844044	404.8
SDVA47.AAFTF	79	27150701	504	8245124	1024	343679.76	2	7603766	4	3667152	46.54	NA	2	NA	97.3	97.3	0.0	0.8	1.9	1706	15010912	12308102	68.0
Tucson_19.AAFTF	199	27145904	501	8086343	1406	136411.58	2	7731111	4	3464486	46.38	NA	1	1	96.5	96.5	0.0	0.6	2.9	1706	20129350	18325139	67.5
EMS.AAFTF	60	27142087	506	8529614	1910	452368.12	2	7759609	4	3064137	46.50	NA	3	1	97.4	97.4	0.0	0.9	1.7	1706	14231106	13053536	72.1
Tucson_10.AAFTF	209	27127066	501	8923094	1842	129794.57	2	7913224	4	2415648	46.53	NA	1	3	97.2	97.2	0.1	0.7	2.1	1706	28267782	25633060	94.5
UTAH_31331.AAFTF	220	27126659	501	8079896	1524	123303.00	2	7287957	4	3152260	46.60	NA	1	NA	97.1	97.1	0.0	0.8	2.2	1706	22156654	11476186	53.3
S_742.AAFTF	63	27126464	506	8498706	1674	430578.79	2	8261709	4	3079982	46.54	NA	2	2	97.6	97.6	0.0	0.8	1.6	1706	23819820	22548993	124.7
S_741.AAFTF	62	27125955	502	8335083	2676	437515.40	2	7740964	4	3237920	46.44	NA	4	3	97.1	97.1	0.0	0.9	2.1	1706	16729472	15514082	85.8
M196.AAFTF	80	27123263	510	8578316	1595	339040.79	2	8163333	4	3420236	46.50	NA	NA	NA	96.5	96.5	0.0	0.9	2.6	1706	18888372	16504613	91.3
GT-131.AAFTF	380	27122792	500	7930281	1472	71375.77	2	7788076	4	2981269	46.49	NA	2	2	97.6	97.6	0.0	0.8	1.6	1706	24031200	13375501	45.9
GT-164.AAFTF	510	27117507	500	7949878	1370	53171.58	2	7718494	5	1403847	46.50	NA	3	1	97.6	97.6	0.0	0.8	1.6	1706	26148528	10588216	36.3
VFC087.AAFTF	466	27115802	500	7976796	1719	58188.42	2	7811823	4	3599664	46.53	NA	2	2	97.7	97.5	0.2	0.6	1.7	1706	19102404	16914786	78.6
COCPO_175716.AAFTF	282	27106019	501	8216328	1660	96120.63	2	7692078	4	2903043	46.60	NA	2	2	97.2	97.1	0.2	1.1	1.6	1706	110233750	103631521	290.6
S_672.AAFTF	67	27100742	515	8120442	2675	404488.69	2	7860022	4	3114338	46.46	NA	1	1	97.2	97.2	0.0	0.8	2.0	1706	17306120	16194545	89.6
Tucson_22.AAFTF	272	27100401	501	8347908	1095	99633.83	2	7824472	4	3425121	46.47	NA	1	NA	97.0	97.0	0.0	0.8	2.2	1706	9387358	8711382	32.1
B11034.AAFTF	59	27098521	518	7974966	744	459296.97	3	4082030	6	2997653	46.43	NA	1	1	96.3	96.3	0.0	0.9	2.8	1706	26562238	23126217	214.2
Phoenix_2.AAFTF	99	27081947	502	7818186	3419	273555.02	2	7656117	4	3595692	46.55	NA	NA	1	97.7	97.6	0.1	0.6	1.6	1706	23655776	22006774	81.3
GT-141.AAFTF	307	27079359	500	7825614	1379	88206.38	2	7615477	4	2892578	46.53	NA	1	1	97.7	97.7	0.0	0.7	1.6	1706	20333412	18028640	61.9
578-1_A_NEW_CPA0048.AAFTF	175	27073113	500	7808042	1046	154703.50	2	7447865	4	3442910	46.48	NA	1	1	96.9	96.9	0.0	0.6	2.5	1706	17012912	15304266	71.2
Phoenix_8.AAFTF	176	27070797	500	7998966	2066	153811.35	2	7835077	4	3600463	46.57	NA	1	1	97.7	97.7	0.0	0.7	1.6	1706	11261978	10474216	38.7
GT-134.AAFTF	163	27065616	507	8021834	1390	166046.72	2	7770082	4	3786387	46.53	NA	NA	NA	97.5	97.5	0.0	0.8	1.7	1706	44668332	36587904	125.7
B3301.AAFTF	78	27055339	503	8406219	2554	346863.32	2	7012944	4	3432648	46.40	NA	NA	3	96.3	96.3	0.0	0.9	2.8	1706	15847296	14934969	83.4
SDVA27.AAFTF	63	27051555	520	8443578	1669	429389.76	2	7465401	4	3502662	46.53	NA	NA	1	97.1	97.1	0.0	1.1	1.9	1706	11624456	9935159	55.1
B16712.AAFTF	59	27049243	508	8362770	921	458461.75	2	7667557	4	3197334	46.24	NA	NA	NA	95.0	95.0	0.1	1.3	3.6	1706	12001830	10366717	96.2
GT-125.AAFTF	125	27048579	500	7494743	926	216388.63	3	3684032	6	3219136	46.61	NA	1	NA	97.7	97.7	0.0	0.8	1.5	1706	24237354	23096519	107.6
B16338.AAFTF	46	27048455	501	7270157	976	588009.89	3	3920445	6	3339553	46.43	NA	NA	NA	95.0	95.0	0.0	0.8	4.2	1706	10397476	8589128	79.7
GT-149.AAFTF	173	27048018	500	7484530	1054	156346.92	2	7231486	4	3455299	46.56	NA	NA	1	97.4	97.4	0.0	0.8	1.9	1706	21709698	18944171	88.2
IL1.AAFTF	475	27047782	501	7808025	1279	56942.70	2	7394729	4	2937876	46.44	NA	NA	NA	97.2	97.2	0.0	0.8	2.1	1706	11021742	9800197	33.7
GT-124.AAFTF	209	27046759	502	7740221	1283	129410.33	2	7596119	4	3210109	46.62	NA	1	4	97.7	97.7	0.0	0.6	1.7	1706	27124026	23198364	79.8
MJS.AAFTF	64	27045525	503	8191192	2549	422586.33	2	7942843	4	3152405	46.50	NA	NA	4	97.2	97.2	0.0	0.7	2.1	1706	22905224	21432954	118.9
B3476.AAFTF	110	27031828	501	8549824	4091	245743.89	2	7370192	4	2364489	46.38	NA	NA	1	95.5	95.5	0.0	0.8	3.8	1706	45669020	40770723	152.3
COCPO_114072.AAFTF	327	27021058	503	8267563	1214	82633.20	2	7830394	4	2770892	46.61	NA	1	1	97.3	97.3	0.0	1.0	1.7	1706	66645016	58842251	165.5
Colorado_Springs_1.AAFTF	158	27015057	502	9297784	1689	170981.37	2	6724908	4	3075605	46.59	NA	NA	NA	97.5	97.5	0.0	0.8	1.6	1706	19201740	17468488	64.7
Phoenix_3.AAFTF	136	27009731	501	8059345	1962	198600.96	2	6894001	4	3476159	46.72	NA	NA	NA	97.8	97.8	0.0	0.6	1.6	1706	20808700	19412380	71.9
B11036.AAFTF	55	26994074	518	7909443	1058	490801.35	2	7734294	4	3032310	46.37	NA	NA	NA	96.1	96.1	0.0	0.9	3.0	1706	15558092	13252885	123.2
SDVA10.AAFTF	74	26993898	503	8560950	1571	364782.41	2	6900526	4	3349928	46.70	NA	3	1	97.7	97.7	0.0	0.6	1.7	1706	13736596	10968448	60.9
FMC588.AAFTF	48	26992435	511	8558566	1558	562342.40	2	7977938	4	3518324	46.45	NA	1	NA	96.4	96.4	0.0	0.8	2.8	1706	9380672	8348840	46.4
Tucson_9.AAFTF	109	26991797	504	8153413	1454	247631.17	2	8095420	4	3514831	46.52	NA	1	1	97.5	97.4	0.1	0.6	1.9	1706	32225488	29555614	109.5
B3453.AAFTF	79	26983833	501	7778375	962	341567.51	2	7437711	4	3327778	46.50	NA	1	1	96.2	96.2	0.1	0.7	3.0	1706	18861910	17755109	99.4
B12216.AAFTF	89	26972910	504	8271977	1255	303066.40	2	7806186	4	3047850	46.28	NA	NA	NA	95.7	95.7	0.0	0.7	3.6	1706	15688756	13185952	122.7
COCPO_185672.AAFTF	440	26969579	500	8198119	1370	61294.50	2	8138380	4	2602751	46.65	NA	1	NA	97.3	97.3	0.0	0.9	1.8	1706	52041110	49241655	138.8
GT-166.AAFTF	207	26959301	503	7970924	1596	130238.17	2	7679635	4	2709849	46.70	NA	2	2	97.5	96.6	0.9	0.8	1.6	1706	53103124	24613136	84.9
B3457.AAFTF	52	26953332	506	7925520	1504	518333.31	2	7657068	4	3391711	46.16	NA	NA	5	93.6	93.6	0.1	0.8	5.6	1706	17144548	15385170	86.2
B3409.AAFTF	65	26943709	508	8904724	1048	414518.60	2	7403479	4	3424531	46.54	NA	1	3	97.0	97.0	0.0	0.6	2.5	1706	15787004	14868711	83.3
B3482.AAFTF	67	26939063	501	8738254	1308	402075.57	2	6977108	4	3501242	46.51	NA	2	1	95.2	95.1	0.1	0.7	4.1	1706	14654488	13572080	76.1
B12495.AAFTF	39	26934407	515	7694719	705	690625.82	3	3802530	6	3155305	46.47	NA	3	NA	95.3	95.2	0.1	1.1	3.7	1706	12011790	9644965	89.9
GT-165.AAFTF	276	26930569	500	8211502	860	97574.53	2	7253598	4	3095539	46.63	NA	1	1	97.5	97.5	0.0	0.8	1.7	1706	28431752	24462430	84.5
GT-161.AAFTF	357	26928230	503	8324406	1581	75429.22	2	7244496	4	3228324	46.53	NA	3	4	96.5	96.5	0.0	0.8	2.6	1706	18582110	16908792	58.4
UTAH_9737.AAFTF	110	26915124	505	8146031	1826	244682.95	2	8000197	4	2801634	46.55	NA	NA	4	96.3	96.3	0.0	0.9	2.8	1706	9436824	8245979	46.0
TX9.AAFTF	180	26897940	503	8110606	1159	149433.00	2	7074519	4	3350291	46.57	NA	NA	NA	97.7	97.7	0.0	0.6	1.7	1706	23145574	18605718	64.3
B12496.AAFTF	48	26897087	509	8174324	779	560355.98	3	3718625	6	3234094	46.29	NA	2	2	94.4	94.3	0.1	1.0	4.6	1706	14324712	12409752	115.8
TX8.AAFTF	494	26895662	500	7995828	1260	54444.66	2	7169199	4	2997623	46.60	NA	4	1	97.4	97.4	0.0	0.8	1.8	1706	17643962	12154101	42.0
M215.AAFTF	66	26889917	503	9467034	1135	407422.98	2	7820884	4	2478714	46.59	NA	2	1	95.8	95.8	0.0	0.8	3.4	1706	37543604	33884675	190.3
TX17.AAFTF	81	26888975	500	8172290	1080	331962.65	2	7561533	4	3027134	46.60	NA	2	NA	97.7	97.7	0.0	0.7	1.6	1706	46280544	40040532	187.6
GT-144.AAFTF	132	26881611	501	8427296	1788	203648.57	2	8052177	4	2925770	46.55	NA	NA	1	96.8	96.8	0.0	0.8	2.4	1706	19990178	17736420	83.1
GT-171.AAFTF	112	26876782	500	8149626	995	239971.27	2	8147484	4	3118912	46.55	NA	NA	NA	97.2	97.2	0.0	0.6	2.2	1706	25592690	22357012	104.8
VFC092.AAFTF	257	26848569	502	8190681	978	104469.14	2	8154173	4	2906567	46.64	NA	NA	2	97.5	97.5	0.0	0.6	1.8	1706	8305198	3911693	18.4
GT-145.AAFTF	453	26846302	500	8012114	1165	59263.36	2	7546997	4	2878918	46.48	NA	2	NA	96.2	96.2	0.0	0.8	3.0	1706	17336500	13962418	48.4
B3348.AAFTF	151	26816219	500	8155158	1333	177590.85	2	8134931	4	2732206	46.59	NA	NA	NA	96.8	96.8	0.0	0.7	2.5	1706	17830364	17160414	96.6
B12498.AAFTF	69	26813640	524	8446141	1045	388603.48	2	6953284	4	3387501	46.39	NA	NA	NA	95.5	95.5	0.0	0.9	3.6	1706	12325104	10721589	100.4
B3251.AAFTF	354	26808166	506	7339674	1737	75729.28	2	7307210	4	3380622	46.88	NA	NA	2	94.8	94.8	0.0	0.6	4.6	1706	15285766	14681290	82.7
GT-168.AAFTF	203	26806330	501	7985658	1487	132050.89	2	7160381	4	3644510	46.54	NA	NA	NA	96.7	96.7	0.0	0.7	2.6	1706	21941254	19704605	68.4
M213.AAFTF	115	26803185	500	8146422	1161	233071.17	2	7515140	4	3628932	46.63	NA	NA	2	97.5	97.5	0.0	0.6	1.8	1706	12313208	10443392	58.4
M199.AAFTF	88	26799587	503	8302950	1091	304540.76	2	7516492	4	2750475	46.55	NA	1	NA	95.3	95.3	0.0	0.8	4.0	1706	15560018	13688557	76.6
VFC091.AAFTF	240	26798533	502	7866291	1464	111660.55	2	6874328	4	3128212	46.63	NA	1	3	97.5	97.5	0.0	0.8	1.6	1706	12359244	5096484	24.0
Tucson_6.AAFTF	223	26796514	501	8090597	1238	120163.74	2	7025943	4	3669661	46.59	NA	NA	NA	96.7	96.7	0.0	0.6	2.6	1706	14937504	13778345	51.4
Tucson_23.AAFTF	153	26794406	503	7465108	1722	175126.84	2	7276346	4	3068997	46.53	NA	4	1	97.2	97.2	0.0	0.7	2.1	1706	16776898	15561476	58.1
C735-TKO.AAFTF	104	26793281	500	8108893	1293	257627.70	2	7797987	4	3326651	46.64	NA	1	NA	97.4	97.4	0.1	0.8	1.8	1706	11267936	10205691	57.1
GT-158.AAFTF	424	26787789	500	8078442	1596	63178.75	2	7230726	4	3078917	46.57	NA	3	1	97.5	97.5	0.0	0.6	1.9	1706	13217396	11228971	39.0
B3291.AAFTF	75	26778014	501	8760305	995	357040.19	2	7702233	4	3008805	46.30	NA	NA	2	93.6	93.6	0.1	0.9	5.5	1706	18009394	16376814	92.3
Phoenix_4.AAFTF	140	26773573	502	7445088	2089	191239.81	2	7111537	4	3188823	46.61	NA	2	NA	96.5	96.5	0.0	0.6	2.9	1706	13230516	12147282	45.4
UCSF_5AZ.AAFTF	112	26773409	502	8832962	1606	239048.29	2	7615687	4	3334662	46.61	NA	2	2	95.0	95.0	0.0	0.8	4.3	1706	16319330	15122609	85.3
GT-130.AAFTF	161	26770634	500	8040643	1217	166277.23	2	7337701	4	3316379	46.53	NA	NA	NA	96.4	96.4	0.0	0.8	2.8	1706	13987060	12276791	57.8
COCPO_175712.AAFTF	408	26755227	500	8341319	1531	65576.54	2	7620701	4	2974770	46.71	NA	3	2	97.5	97.5	0.0	0.8	1.8	1706	34327706	30512665	86.7
B12399.AAFTF	44	26724454	506	8087194	960	607373.95	2	7681560	4	3146973	46.57	NA	3	1	97.0	97.0	0.0	0.9	2.2	1706	16475130	13328592	125.2
M201.AAFTF	55	26715662	505	8764342	3113	485739.31	2	7091528	4	2613454	46.59	NA	2	2	96.1	96.1	0.0	0.7	3.2	1706	57567872	51303695	290.0
Michoacan_2.AAFTF	377	26705889	503	7568232	1118	70837.90	3	3709980	6	3157613	46.28	NA	1	NA	95.1	95.1	0.0	1.8	3.1	1706	8520390	7849952	22.0
COCPO_103745.AAFTF	723	26681178	500	7566965	1078	36903.43	2	7534111	4	3048844	46.68	NA	NA	NA	97.5	97.5	0.0	0.8	1.8	1706	10265944	8715787	24.8
NM_459.AAFTF	274	26669912	503	7587098	2958	97335.45	2	6936495	5	1240334	45.98	NA	1	1	83.8	83.7	0.1	8.0	8.2	1706	20999430	5390428	30.5
B3220.AAFTF	86	26656451	514	9284073	1186	309958.73	2	6698251	4	3488507	46.49	NA	NA	3	95.5	95.5	0.0	0.8	3.7	1706	17704690	16442236	93.1
COCPO_103718.AAFTF	800	26654810	500	7444151	1053	33318.51	2	7395067	4	3046824	46.64	NA	1	NA	96.9	96.9	0.0	1.3	1.8	1706	16941900	9606876	27.4
B3256.AAFTF	79	26651542	507	8319554	1447	337361.29	2	7336397	4	3553128	46.54	NA	2	NA	93.3	93.3	0.0	0.6	6.0	1706	19649624	18317159	103.8
VFC093.AAFTF	138	26647977	505	8706568	1748	193101.28	2	7032671	4	3547655	46.72	NA	NA	1	97.5	97.5	0.0	0.6	1.8	1706	13026306	12356033	58.4
B3221.AAFTF	66	26644785	501	8043165	1531	403708.86	2	7485427	4	2842564	46.49	NA	1	5	95.8	95.8	0.0	0.7	3.5	1706	19485098	17902515	101.5
VFC084_CPA0067.AAFTF	429	26643289	501	7805275	1883	62105.57	2	7279343	4	3019886	46.70	NA	2	NA	96.8	96.4	0.4	1.3	1.9	1706	18472924	7059596	33.4
COCPO_103721.AAFTF	492	26622373	500	7727635	1192	54110.51	2	7412636	4	3262940	46.75	NA	NA	1	97.3	97.3	0.0	1.1	1.6	1706	42580304	37120879	106.0
COCPO_175715.AAFTF	519	26536401	500	7837711	1137	51129.87	2	7748270	4	2721995	46.80	NA	1	1	97.5	97.5	0.0	0.7	1.8	1706	27660396	26584532	76.1
COCPO_114029.AAFTF	726	26497205	500	7850364	1054	36497.53	2	7640068	4	2905698	46.78	NA	NA	NA	97.1	96.7	0.5	1.1	1.8	1706	33361304	23360759	67.0
M221.AAFTF	49	26471322	501	8599294	1426	540231.06	2	7950532	4	2736170	46.44	NA	NA	NA	93.6	93.6	0.0	0.6	5.7	1706	38504500	33613447	191.7
COCPO_195880.AAFTF	612	26450935	500	8597950	1199	43220.48	2	6669284	4	2744149	46.85	NA	1	2	97.4	97.4	0.0	0.9	1.7	1706	38343936	30702897	88.2
B3440.AAFTF	69	26387003	513	7498291	1066	382420.33	2	7189540	4	3565568	46.48	NA	3	2	94.0	94.0	0.0	0.8	5.2	1706	16992122	15556487	89.0
VFC088.AAFTF	162	26370259	502	8428991	1915	162779.38	2	7098948	4	3952118	46.70	NA	NA	1	96.3	96.3	0.0	0.8	2.9	1706	23648002	22194580	106.0
COCPO_103744.AAFTF	348	26359947	500	7351349	1255	75746.97	2	7054957	4	3274100	46.79	NA	NA	2	97.7	97.7	0.0	0.8	1.6	1706	39423392	35023461	101.0
COCPO_103720.AAFTF	656	26302077	501	7770878	1046	40094.63	2	7276365	4	2856139	46.82	NA	1	1	97.1	96.8	0.2	1.2	1.7	1706	21992674	10354466	29.9
COCPO_175714.AAFTF	532	26212355	500	7386831	928	49271.34	2	7377743	4	3419578	46.80	NA	2	1	97.5	97.5	0.0	0.9	1.5	1706	36997090	31945513	92.6
B3224.AAFTF	65	26169892	500	8177862	1108	402613.72	2	7573349	4	2447786	46.37	NA	2	2	92.6	92.5	0.1	0.9	6.6	1706	17111848	15733543	90.8
B3347.AAFTF	115	26076769	503	9466676	1467	226754.51	2	6121860	4	3247057	47.02	NA	1	NA	95.7	95.7	0.0	0.8	3.5	1706	25622296	24989159	144.7
VFC090.AAFTF	661	25955703	500	7942479	1116	39267.33	2	7308833	4	2718540	47.03	NA	3	3	97.6	97.6	0.0	0.8	1.6	1706	11900368	10829341	52.6
COCPO_195884.AAFTF	779	25527062	500	7551035	860	32769.01	2	7143556	4	2945257	47.16	NA	4	NA	97.3	97.3	0.0	0.9	1.8	1706	11127246	5655966	16.8
COCPO_103827.AAFTF	583	25336902	501	7582382	973	43459.52	2	7378512	4	3054830	47.40	NA	NA	NA	97.4	97.4	0.0	0.8	1.8	1706	17057450	15574493	46.7
SOIL_407-0_L_OLD_CPA0001.AAFTF	8	39196	917	8488	7465	4899.50	3	7822	5	3736	40.58	NA	NA	NA	95.5	95.5	0.0	1.9	2.6	1706	19109924	10592214	25132.1
COCPO_103715.AAFTF	11	38892	777	8428	3690	3535.64	4	4283	8	2145	41.30	NA	NA	NA	NA	NA	NA	NA	NA	NA	7545748	739919	1445.9
COCPO_195881.AAFTF	11	38869	661	7832	3909	3533.55	4	5098	8	1972	39.18	NA	NA	NA	NA	NA	NA	NA	NA	NA	16485676	5869714	11477.0
SJV_3.AAFTF	11	35103	873	7929	2621	3191.18	3	4969	8	1532	37.79	NA	NA	NA	NA	NA	NA	NA	NA	NA	8435986	7141890	15259.1
GT-123.AAFTF	4	26788	1326	14795	7925	6697.00	1	14795	3	2742	40.28	NA	NA	1	NA	NA	NA	NA	NA	NA	14030352	8627474	29952.0
CA20.AAFTF	4	22337	565	9112	7942	5584.25	2	7942	3	4718	39.84	NA	NA	NA	95.6	95.5	0.1	1.4	3.0	1706	19137190	16022715	66710.5
NM_4297.AAFTF	10	20185	508	7996	1210	2018.50	2	3987	7	657	43.20	NA	NA	NA	NA	NA	NA	NA	NA	NA	4655016	14323	106.4
GT-139.AAFTF	3	12696	1407	8036	3253	4232.00	1	8036	3	1407	50.59	NA	NA	NA	NA	NA	NA	NA	NA	NA	10287034	8971858	65720.1
